City_ID,City,Country,Date,Lat,Lng,Max Temp,Humidity,Cloudiness,Wind Speed
0,Rawson,AR,2022-01-19 06:21:10,-43.3002,-65.1023,59.27,60,69,10.89
1,Punta Arenas,CL,2022-01-19 06:16:44,-53.15,-70.9167,46.51,87,20,6.91
2,Hermanus,ZA,2022-01-19 06:21:10,-34.4187,19.2345,65.8,65,6,3.85
3,Nanortalik,GL,2022-01-19 06:21:10,60.1432,-45.2371,33.12,89,100,20.85
4,Tura,IN,2022-01-19 06:21:11,25.5198,90.2201,73.65,38,31,4.34
5,Campos Novos,BR,2022-01-19 06:21:11,-27.4017,-51.225,61.39,96,28,3.76
6,Mataura,NZ,2022-01-19 06:21:11,-46.1927,168.8643,55.47,96,100,7.45
7,Tuatapere,NZ,2022-01-19 06:21:12,-46.1333,167.6833,55.81,66,82,16.37
8,Torres,BR,2022-01-19 06:21:12,-29.3353,-49.7269,75.83,87,65,2.68
9,Talnakh,RU,2022-01-19 06:21:12,69.4865,88.3972,5.49,94,100,17.83
10,Beringovskiy,RU,2022-01-19 06:21:13,63.05,179.3167,-18.78,90,6,9.06
11,Saint-Philippe,RE,2022-01-19 06:21:13,-21.3585,55.7679,87.12,79,47,0.76
12,Mahebourg,MU,2022-01-19 06:21:13,-20.4081,57.7,86.29,79,40,10.36
13,Domoni,KM,2022-01-19 06:21:13,-12.2569,44.5319,84.47,74,100,12.12
14,Douentza,ML,2022-01-19 06:21:14,14.9951,-2.9517,57.81,17,0,5.21
15,Chiknayakanhalli,IN,2022-01-19 06:21:14,13.4172,76.6228,77.5,38,16,7.56
16,Atuona,PF,2022-01-19 06:21:14,-9.8,-139.0333,79.05,74,25,23.24
17,Torbay,CA,2022-01-19 06:21:15,47.6666,-52.7314,40.57,94,75,12.66
18,Georgetown,MY,2022-01-19 06:21:15,5.4112,100.3354,89.53,63,20,11.5
19,Merauke,ID,2022-01-19 06:21:15,-8.4667,140.3333,84.2,74,100,8.34
20,Huarmey,PE,2022-01-19 06:21:16,-10.0681,-78.1522,71.67,84,75,4.99
21,Kapaa,US,2022-01-19 06:21:16,22.0752,-159.319,75.18,72,20,4.61
22,Touros,BR,2022-01-19 06:17:08,-5.1989,-35.4608,76.1,76,41,12.12
23,Vaini,TO,2022-01-19 06:21:16,-21.2,-175.2,81.3,85,18,20.98
24,Barrow,US,2022-01-19 06:21:17,71.2906,-156.7887,-14.78,76,100,10.36
25,Port Lincoln,AU,2022-01-19 06:21:17,-34.7333,135.8667,69.96,55,25,16.33
26,Ilulissat,GL,2022-01-19 06:21:17,69.2167,-51.1,23.02,58,100,12.66
27,Coihaique,CL,2022-01-19 06:21:18,-45.5752,-72.0662,44.55,76,0,2.3
28,Pittsfield,US,2022-01-19 06:16:50,42.4501,-73.2454,14.25,84,0,0.0
29,Puerto Ayora,EC,2022-01-19 06:21:18,-0.7393,-90.3518,72.39,87,63,4.32
30,Yellowknife,CA,2022-01-19 06:17:42,62.456,-114.3525,-32.71,67,0,8.05
31,Sume,BR,2022-01-19 06:21:19,-7.6717,-36.88,70.14,85,1,9.51
32,Shar,KZ,2022-01-19 06:21:19,49.5886,81.0453,20.32,95,100,6.17
33,San Patricio,US,2022-01-19 06:21:19,28.017,-97.5169,69.89,81,61,13.82
34,Qaanaaq,GL,2022-01-19 06:21:19,77.484,-69.3632,-6.32,61,41,9.71
35,Upernavik,GL,2022-01-19 06:21:20,72.7868,-56.1549,6.48,65,100,6.58
36,Ihosy,MG,2022-01-19 06:21:20,-22.4,46.1167,73.98,76,76,2.44
37,Anadyr,RU,2022-01-19 06:21:20,64.75,177.4833,-28.7,73,0,5.99
38,Tiksi,RU,2022-01-19 06:21:21,71.6872,128.8694,1.02,68,100,17.52
39,Rikitea,PF,2022-01-19 06:21:21,-23.1203,-134.9692,78.17,74,100,13.22
40,Zhigansk,RU,2022-01-19 06:21:22,66.7697,123.3711,-22.74,94,96,17.65
41,Cape Town,ZA,2022-01-19 06:21:22,-33.9258,18.4232,68.11,57,0,3.0
42,Jinka,ET,2022-01-19 06:21:22,5.65,36.65,70.14,56,91,1.79
43,Aklavik,CA,2022-01-19 06:21:23,68.2191,-135.0107,-17.68,97,100,4.88
44,Kargasok,RU,2022-01-19 06:21:23,59.0556,80.8572,16.32,89,100,12.55
45,Tasiilaq,GL,2022-01-19 06:22:23,65.6145,-37.6368,19.56,63,100,5.93
46,Sangar,RU,2022-01-19 06:22:23,63.9242,127.4739,-34.17,97,19,4.81
47,Ponta Do Sol,PT,2022-01-19 06:22:24,32.6667,-17.1,66.0,91,98,16.04
48,Cayenne,GF,2022-01-19 06:22:24,4.9333,-52.3333,75.09,92,100,4.61
49,Ahipara,NZ,2022-01-19 06:22:24,-35.1667,173.1667,70.32,66,25,7.7
50,Yulara,AU,2022-01-19 06:22:25,-25.2406,130.9889,78.64,61,100,11.5
51,Sharanga,RU,2022-01-19 06:20:09,57.1775,46.5396,-3.01,100,100,4.45
52,Tateyama,JP,2022-01-19 06:22:25,34.9833,139.8667,48.09,41,100,7.09
53,Richards Bay,ZA,2022-01-19 06:22:25,-28.783,32.0377,74.46,81,88,2.01
54,Ambon,ID,2022-01-19 06:22:26,-3.6954,128.1814,87.94,66,40,4.61
55,Arraial Do Cabo,BR,2022-01-19 06:22:26,-22.9661,-42.0278,75.92,92,2,20.02
56,Caravelas,BR,2022-01-19 06:22:26,-17.7125,-39.2481,74.53,94,21,2.71
57,San Miguel,SV,2022-01-19 06:20:52,13.4833,-88.1833,69.57,61,0,3.18
58,Kahului,US,2022-01-19 06:22:27,20.8947,-156.47,74.84,83,20,4.61
59,Lompoc,US,2022-01-19 06:22:27,34.6391,-120.4579,55.78,89,100,0.0
60,Meulaboh,ID,2022-01-19 06:22:27,4.1363,96.1285,81.07,75,96,4.47
61,Launceston,AU,2022-01-19 06:22:28,-41.45,147.1667,80.15,37,35,5.01
62,Maua,BR,2022-01-19 06:22:28,-23.6678,-46.4614,70.36,85,8,1.79
63,Chegutu,ZW,2022-01-19 06:22:28,-18.1302,30.1407,67.6,79,58,7.81
64,Tucuman,AR,2022-01-19 06:22:29,-26.8241,-65.2226,64.4,100,100,8.05
65,Bluff,NZ,2022-01-19 06:22:29,-46.6,168.3333,55.8,61,71,22.03
66,New Norfolk,AU,2022-01-19 06:22:29,-42.7826,147.0587,67.75,45,51,3.0
67,Huoqiu,CN,2022-01-19 06:22:30,32.3394,116.2694,53.22,50,0,5.73
68,Busselton,AU,2022-01-19 06:17:43,-33.65,115.3333,107.04,32,0,13.06
69,East London,ZA,2022-01-19 06:22:30,-33.0153,27.9116,72.54,68,0,13.8
70,Chokurdakh,RU,2022-01-19 06:22:30,70.6333,147.9167,-34.04,96,20,7.07
71,Rocha,UY,2022-01-19 06:22:31,-34.4833,-54.3333,69.57,97,100,13.33
72,Ushuaia,AR,2022-01-19 06:18:21,-54.8,-68.3,44.26,87,75,19.57
73,Kedrovyy,RU,2022-01-19 06:22:31,56.1667,91.8167,9.01,87,34,2.75
74,Lebu,CL,2022-01-19 06:22:32,-37.6167,-73.65,53.46,86,44,9.89
75,Salamanca,ES,2022-01-19 06:22:32,40.8333,-6.0,37.74,64,0,5.32
76,Rayong,TH,2022-01-19 06:22:33,12.8333,101.4333,94.62,39,44,4.54
77,Pella,RU,2022-01-19 06:22:33,59.7775,30.8181,35.04,94,97,8.95
78,Aykhal,RU,2022-01-19 06:22:33,66.0,111.5,-15.27,100,100,8.05
79,Butaritari,KI,2022-01-19 06:22:34,3.0707,172.7902,81.93,82,32,17.43
80,Oksfjord,NO,2022-01-19 06:22:34,70.2396,22.3479,34.72,99,100,6.29
81,Lavrentiya,RU,2022-01-19 06:22:34,65.5833,-171.0,-18.36,95,41,5.68
82,Russkaya Polyana,UA,2022-01-19 06:22:35,49.417,31.9201,19.44,85,93,11.72
83,Puerto Escondido,MX,2022-01-19 06:22:35,15.85,-97.0667,75.16,75,39,3.83
84,Hami,CN,2022-01-19 06:22:35,42.8,93.45,31.53,31,22,4.41
85,Spartanburg,US,2022-01-19 06:19:30,34.9496,-81.9321,34.48,79,0,0.0
86,Sitka,US,2022-01-19 06:19:29,57.0531,-135.33,33.69,75,0,8.05
87,Asau,RO,2022-01-19 06:22:36,46.4333,26.4,26.76,62,8,5.99
88,Oussouye,SN,2022-01-19 06:22:36,12.485,-16.5469,71.69,28,7,6.58
89,Nantucket,US,2022-01-19 06:22:36,41.2835,-70.0995,26.71,50,0,10.36
90,Pointe-Noire,CG,2022-01-19 06:22:37,-4.7761,11.8635,75.27,94,75,6.91
91,Pevek,RU,2022-01-19 06:22:37,69.7008,170.3133,-35.25,96,55,4.0
92,Brae,GB,2022-01-19 06:23:38,60.3964,-1.353,44.51,75,100,29.39
93,Trelew,AR,2022-01-19 06:23:38,-43.249,-65.3051,58.8,59,61,8.34
94,Bambous Virieux,MU,2022-01-19 06:23:39,-20.3428,57.7575,86.25,79,40,10.36
95,Kavieng,PG,2022-01-19 06:23:39,-2.5744,150.7967,79.57,89,100,18.37
96,Darlowo,PL,2022-01-19 06:23:39,54.421,16.4107,38.95,93,97,17.78
97,Hobart,AU,2022-01-19 06:23:39,-42.8794,147.3294,68.11,63,20,1.99
98,Sangmelima,CM,2022-01-19 06:23:40,2.9333,11.9833,69.19,87,95,3.29
99,Si Bun Ruang,TH,2022-01-19 06:23:40,16.9667,102.2833,82.02,39,32,5.57
100,Laguna,US,2022-01-19 06:23:40,38.421,-121.4238,52.3,88,0,0.0
101,Hilo,US,2022-01-19 06:19:37,19.7297,-155.09,73.13,89,100,5.75
102,Port Elizabeth,ZA,2022-01-19 06:23:41,-33.918,25.5701,71.1,68,20,19.57
103,Alta Floresta,BR,2022-01-19 06:23:41,-9.8756,-56.0861,70.75,98,97,3.09
104,Batemans Bay,AU,2022-01-19 06:23:41,-35.7167,150.1833,72.19,63,67,13.65
105,Key West,US,2022-01-19 06:22:02,24.5557,-81.7826,64.4,61,0,5.75
106,Airai,TL,2022-01-19 06:23:42,-8.9266,125.4092,62.6,98,100,1.68
107,Campbellsville,US,2022-01-19 06:23:42,37.3434,-85.3419,43.36,61,100,4.0
108,Fengcheng,CN,2022-01-19 06:23:42,40.4536,124.0717,19.4,31,5,16.55
109,San Rafael,AR,2022-01-19 06:21:24,-34.6177,-68.3301,55.62,68,100,4.03
110,Kalispell,US,2022-01-19 06:20:30,48.1958,-114.3129,24.84,58,100,16.11
111,Lorengau,PG,2022-01-19 06:23:43,-2.0226,147.2712,81.99,79,97,20.96
112,Souillac,MU,2022-01-19 06:23:43,-20.5167,57.5167,86.38,79,40,10.36
113,Mehamn,NO,2022-01-19 06:23:44,71.0357,27.8492,37.58,79,100,18.03
114,Tuktoyaktuk,CA,2022-01-19 06:23:44,69.4541,-133.0374,-13.0,77,75,5.75
115,Castro,BR,2022-01-19 06:23:44,-24.7911,-50.0119,62.73,97,78,2.19
116,Portland,US,2022-01-19 06:18:57,45.5234,-122.6762,48.25,94,100,3.0
117,Hasaki,JP,2022-01-19 06:23:45,35.7333,140.8333,46.69,44,57,4.9
118,Albany,US,2022-01-19 06:20:36,42.6001,-73.9662,13.68,81,41,1.57
119,Visnes,NO,2022-01-19 06:23:45,59.3556,5.2242,45.57,93,75,17.27
120,Norrtalje,SE,2022-01-19 06:23:45,59.758,18.705,39.24,72,88,14.45
121,Cassia,BR,2022-01-19 06:23:46,-20.5831,-46.9219,65.75,96,96,2.8
122,Adeje,ES,2022-01-19 06:23:46,28.1227,-16.726,67.51,44,20,10.0
123,Arman,RU,2022-01-19 06:23:46,59.7,150.1667,2.01,76,0,8.7
124,Boguchany,RU,2022-01-19 06:23:47,58.3814,97.4531,11.48,92,95,4.18
125,Cheremushskiy,RU,2022-01-19 06:23:47,61.2731,47.2636,-0.36,100,99,3.33
126,Brigham City,US,2022-01-19 06:23:40,41.5102,-112.0155,32.36,78,100,7.0
127,Urumqi,CN,2022-01-19 06:23:47,43.801,87.6005,20.35,74,100,4.47
128,Sur,OM,2022-01-19 06:23:48,22.5667,59.5289,76.86,62,20,2.77
129,Kibala,TD,2022-01-19 06:23:48,9.1104,18.3463,64.78,25,21,5.7
130,Tabou,CI,2022-01-19 06:23:48,4.423,-7.3528,75.99,85,2,3.24
131,Port Alfred,ZA,2022-01-19 06:23:49,-33.5906,26.891,69.3,69,52,13.42
132,Kushiro,JP,2022-01-19 06:23:49,42.975,144.3747,29.35,46,20,12.66
133,Bredasdorp,ZA,2022-01-19 06:23:49,-34.5322,20.0403,67.32,49,1,1.14
134,Cherskiy,RU,2022-01-19 06:23:49,68.75,161.3,-48.08,100,64,3.74
135,Antequera,ES,2022-01-19 06:23:50,37.0194,-4.5612,46.9,89,34,4.23
136,Zemio,CF,2022-01-19 06:23:50,5.0314,25.1361,73.94,69,90,4.79
137,Yerbogachen,RU,2022-01-19 06:24:51,61.2767,108.0108,4.46,95,87,5.79
138,Vila Franca Do Campo,PT,2022-01-19 06:24:51,37.7167,-25.4333,60.19,88,100,8.63
139,Luderitz,NA,2022-01-19 06:24:51,-26.6481,15.1594,75.81,61,3,9.84
140,Bengkulu,ID,2022-01-19 06:24:52,-3.8004,102.2655,76.46,92,100,5.82
141,Khatanga,RU,2022-01-19 06:24:16,71.9667,102.5,-9.2,99,100,1.97
142,Santiago Del Estero,AR,2022-01-19 06:24:52,-27.7951,-64.2615,64.47,94,100,9.64
143,Kozelsk,RU,2022-01-19 06:22:05,54.0375,35.7716,12.49,99,72,4.23
144,Ampanihy,MG,2022-01-19 06:24:53,-24.7,44.75,78.21,55,0,11.65
145,Bathsheba,BB,2022-01-19 06:24:53,13.2167,-59.5167,77.61,73,40,16.11
146,Sukumo,JP,2022-01-19 06:24:53,32.9333,132.7333,47.77,44,0,10.36
147,Avarua,CK,2022-01-19 06:24:54,-21.2078,-159.775,77.05,94,100,20.71
148,Sinnamary,GF,2022-01-19 06:24:54,5.3833,-52.95,75.34,89,97,6.64
149,Carnarvon,AU,2022-01-19 06:24:55,-24.8667,113.6333,86.07,70,0,17.27
150,Huambo,AO,2022-01-19 06:24:55,-12.7761,15.7392,59.02,74,100,1.83
151,Nanakuli,US,2022-01-19 06:24:55,21.3906,-158.1547,73.71,83,0,3.44
152,Bethel,US,2022-01-19 06:24:56,41.3712,-73.414,26.04,77,0,0.0
153,Faanui,PF,2022-01-19 06:24:56,-16.4833,-151.75,77.02,83,100,17.87
154,Beyneu,KZ,2022-01-19 06:24:56,45.3167,55.2,27.73,84,70,16.37
155,Saint George,US,2022-01-19 06:21:47,37.1041,-113.5841,46.54,70,0,3.44
156,Broken Hill,AU,2022-01-19 06:24:19,-31.95,141.4333,77.94,54,74,22.17
157,Manokwari,ID,2022-01-19 06:24:57,-0.8667,134.0833,81.34,77,82,2.71
158,Thompson,CA,2022-01-19 06:24:57,55.7435,-97.8558,-21.84,69,75,6.91
159,Hambantota,LK,2022-01-19 06:24:57,6.1241,81.1185,88.14,62,0,13.8
160,Katherine,AU,2022-01-19 06:24:58,-14.4667,132.2667,95.32,41,84,10.36
161,Kamenka,RU,2022-01-19 06:24:58,51.3223,42.7678,11.26,97,65,7.2
162,Itarema,BR,2022-01-19 06:24:58,-2.9248,-39.9167,76.71,87,58,10.2
163,Taywarah,AF,2022-01-19 06:24:59,33.35,64.4167,29.28,96,98,1.86
164,Sulphur,US,2022-01-19 06:24:59,30.2366,-93.3774,60.78,94,100,5.75
165,San Cristobal,VE,2022-01-19 06:24:59,7.7669,-72.225,65.86,86,74,1.05
166,Maceio,BR,2022-01-19 06:24:14,-9.6658,-35.7353,76.44,88,20,3.44
167,Eyl,SO,2022-01-19 06:25:00,7.9803,49.8164,79.95,63,31,13.98
168,Nhulunbuy,AU,2022-01-19 06:25:00,-12.2333,136.7667,88.41,70,75,11.5
169,Gimli,CA,2022-01-19 06:25:00,50.6336,-96.9907,-2.87,71,100,12.66
170,Chuy,UY,2022-01-19 06:25:01,-33.6971,-53.4616,72.25,94,100,13.82
171,Ontario,US,2022-01-19 06:24:33,34.0633,-117.6509,57.67,86,100,1.01
172,Ancud,CL,2022-01-19 06:25:01,-41.8697,-73.8203,53.13,69,8,2.59
173,Russell,US,2022-01-19 06:25:02,32.3502,-85.1999,43.83,93,0,0.0
174,Bose,IT,2022-01-19 06:25:02,45.4612,8.0137,37.74,70,0,2.24
175,Victoria,HK,2022-01-19 06:24:52,22.2855,114.1577,69.96,69,7,1.99
176,Vardo,NO,2022-01-19 06:25:02,70.3705,31.1107,34.0,82,100,19.01
177,Cabo San Lucas,MX,2022-01-19 06:24:24,22.8909,-109.9124,75.51,61,84,7.4
178,Geraldton,AU,2022-01-19 06:25:03,-28.7667,114.6,109.81,10,0,25.32
179,Mayo,US,2022-01-19 06:25:03,38.8876,-76.5119,32.95,79,0,1.01
180,Caucaia,BR,2022-01-19 06:25:04,-3.7361,-38.6531,82.08,83,40,10.36
181,El Alto,PE,2022-01-19 06:25:04,-4.2714,-81.2147,68.94,83,92,8.75
182,Lata,PT,2022-01-19 06:25:05,40.1629,-8.3327,43.81,68,1,3.67
183,Siderno,IT,2022-01-19 06:26:05,38.2779,16.302,50.85,82,3,4.34
184,Vanavara,RU,2022-01-19 06:26:05,60.34,102.2797,6.4,93,78,5.97
185,Isangel,VU,2022-01-19 06:22:47,-19.55,169.2667,81.45,82,95,15.19
186,Havoysund,NO,2022-01-19 06:26:06,70.9963,24.6622,37.63,73,80,25.86
187,Uaua,BR,2022-01-19 06:26:06,-9.8414,-39.4817,67.59,89,10,7.29
188,Pochutla,MX,2022-01-19 06:26:06,15.7432,-96.4661,70.83,74,39,2.15
189,Taltal,CL,2022-01-19 06:26:07,-25.4,-70.4833,65.07,84,29,1.88
190,Huicungo,PE,2022-01-19 06:26:07,-7.2833,-76.8,71.38,94,100,2.19
191,Varia,FR,2022-01-19 06:26:07,44.5725,-0.1104,41.41,81,100,4.5
192,Kaitangata,NZ,2022-01-19 06:26:08,-46.2817,169.8464,56.93,79,100,11.3
193,Ilhabela,BR,2022-01-19 06:26:08,-23.7781,-45.3581,76.84,92,7,3.98
194,Dikson,RU,2022-01-19 06:26:08,73.5069,80.5464,-12.26,100,91,7.23
195,Marabba,SD,2022-01-19 06:26:09,12.35,32.1833,62.8,24,28,17.18
196,Merke,KZ,2022-01-19 06:26:09,42.8728,73.1786,40.26,79,92,10.65
197,Hongjiang,CN,2022-01-19 06:26:09,27.11,109.9956,60.15,58,91,2.24
198,Tarpon Springs,US,2022-01-19 06:26:10,28.1461,-82.7568,55.35,81,0,0.0
199,Rodrigues Alves,BR,2022-01-19 06:26:10,-7.738,-72.6509,77.16,79,94,1.57
200,Pontes E Lacerda,BR,2022-01-19 06:26:10,-15.2261,-59.3353,71.08,92,50,2.21
201,Nome,US,2022-01-19 06:23:26,64.5011,-165.4064,-16.83,76,0,0.0
202,Tres Picos,MX,2022-01-19 06:26:11,15.8667,-93.5333,73.15,70,15,3.49
203,Constitucion,CL,2022-01-19 06:26:11,-35.3333,-72.4167,51.13,70,14,9.15
204,Prainha,BR,2022-01-19 06:26:12,-1.8,-53.48,72.48,96,98,3.31
205,Muromtsevo,RU,2022-01-19 06:26:12,56.3724,75.2418,9.27,92,36,7.9
206,Novyy Nekouz,RU,2022-01-19 06:26:12,57.9029,38.07,0.77,98,51,5.5
207,Lebork,PL,2022-01-19 06:26:13,54.5392,17.7501,37.92,89,100,12.35
208,Parry Sound,CA,2022-01-19 06:25:13,45.3501,-80.033,24.22,93,100,16.78
209,Vostok,RU,2022-01-19 06:26:13,46.4856,135.8833,4.57,90,98,3.6
210,Saint-Augustin,CA,2022-01-19 06:26:13,51.226,-58.6502,27.01,94,93,10.67
211,Riyadh,SA,2022-01-19 06:26:14,24.6877,46.7219,48.34,43,54,4.59
212,Shinpokh,PK,2022-01-19 06:26:14,34.3292,71.1782,56.61,69,100,2.35
213,Nara,JP,2022-01-19 06:21:20,34.6851,135.8049,47.97,46,62,9.04
214,Poum,NC,2022-01-19 06:26:14,-20.2333,164.0167,81.45,70,10,10.51
215,Ardmore,US,2022-01-19 06:21:18,34.1743,-97.1436,60.31,61,0,10.0
216,Lozovik,RS,2022-01-19 06:26:15,44.4677,21.1007,27.01,91,11,2.95
217,Klaksvik,FO,2022-01-19 06:26:15,62.2266,-6.589,36.52,63,86,22.68
218,Talcahuano,CL,2022-01-19 06:25:15,-36.7167,-73.1167,52.07,84,84,11.16
219,Kansanshi,ZM,2022-01-19 06:26:16,-12.0951,26.4273,61.48,95,100,5.53
220,Dezhou,CN,2022-01-19 06:26:16,37.4486,116.2925,37.29,46,79,12.3
221,Muzhi,RU,2022-01-19 06:26:16,65.3667,64.6667,4.14,96,100,4.97
222,Meadville,US,2022-01-19 06:26:17,41.6414,-80.1515,30.58,82,100,7.0
223,Vestmannaeyjar,IS,2022-01-19 06:26:17,63.4427,-20.2734,33.67,65,27,22.91
224,Pafos,CY,2022-01-19 06:26:17,34.7667,32.4167,49.91,49,40,11.5
225,Saskylakh,RU,2022-01-19 06:26:18,71.9167,114.0833,-4.49,94,57,11.43
226,Ouango,CF,2022-01-19 06:26:18,4.3133,22.5552,70.84,65,91,2.77
227,Da Nang,VN,2022-01-19 06:26:18,16.0678,108.2208,69.78,88,75,3.44
228,Lufilufi,WS,2022-01-19 06:27:19,-13.8745,-171.5986,83.79,75,69,17.74
229,Qui Nhon,VN,2022-01-19 06:27:19,13.7667,109.2333,75.58,77,65,16.6
230,Te Anau,NZ,2022-01-19 06:27:19,-45.4167,167.7167,55.38,85,69,6.53
231,Hofn,IS,2022-01-19 06:27:20,64.2539,-15.2082,24.13,68,1,19.42
232,Chifeng,CN,2022-01-19 06:27:20,42.2683,118.9636,12.87,35,4,5.37
233,Tilichiki,RU,2022-01-19 06:27:20,60.4667,166.1,-18.9,85,3,8.7
234,Srisailam,IN,2022-01-19 06:27:21,16.0833,78.8667,78.91,38,7,6.22
235,Gat,IL,2022-01-19 06:27:04,31.61,34.7642,48.78,2,62,20.8
236,Okhotsk,RU,2022-01-19 06:27:21,59.3833,143.3,0.52,72,1,9.64
237,Salalah,OM,2022-01-19 06:27:22,17.0151,54.0924,78.89,61,40,2.3
238,Evensk,RU,2022-01-19 06:27:22,61.95,159.2333,3.22,59,0,11.81
239,Atar,MR,2022-01-19 06:27:22,20.5169,-13.0499,65.57,14,1,10.0
240,Borogontsy,RU,2022-01-19 06:27:23,62.6683,131.1683,-31.43,98,27,1.81
241,Sao Filipe,CV,2022-01-19 06:27:23,14.8961,-24.4956,72.59,77,48,5.84
242,Kodiak,US,2022-01-19 06:27:24,57.79,-152.4072,35.11,87,100,11.5
243,Hithadhoo,MV,2022-01-19 06:27:24,-0.6,73.0833,82.76,72,94,8.46
244,Zhigalovo,RU,2022-01-19 06:27:24,54.8097,105.1578,17.04,90,99,0.89
245,Haimen,CN,2022-01-19 06:27:25,23.1935,116.6142,69.69,60,7,10.76
246,Conde,BR,2022-01-19 06:27:25,-7.2597,-34.9075,74.66,94,0,3.44
247,Jamestown,US,2022-01-19 06:23:07,42.097,-79.2353,29.71,62,100,5.99
248,Sabang,ID,2022-01-19 06:27:26,5.8933,95.3214,81.3,68,98,7.43
249,Vanimo,PG,2022-01-19 06:27:26,-2.6741,141.3028,78.44,85,100,5.88
250,Bilma,NE,2022-01-19 06:27:26,18.6853,12.9164,49.64,42,0,13.18
251,Midyat,TR,2022-01-19 06:27:27,37.4247,41.3393,29.82,90,100,31.34
252,Kruisfontein,ZA,2022-01-19 06:27:27,-34.0033,24.7314,68.88,68,52,5.68
253,Kulhudhuffushi,MV,2022-01-19 06:27:27,6.6221,73.07,81.05,70,100,5.77
254,Saldanha,ZA,2022-01-19 06:27:28,-33.0117,17.9442,64.45,67,1,10.42
255,Sidi Ali,DZ,2022-01-19 06:27:28,36.0998,0.4206,44.98,53,1,3.94
256,Lagoa,PT,2022-01-19 06:27:28,39.05,-27.9833,61.32,87,84,29.26
257,Provideniya,RU,2022-01-19 06:27:29,64.3833,-173.3,-10.21,93,6,4.54
258,Kedrovoye,RU,2022-01-19 06:27:29,57.1576,60.5698,26.04,86,100,11.54
259,Hamilton,US,2022-01-19 06:27:14,39.1834,-84.5333,39.99,82,40,3.0
260,Honiara,SB,2022-01-19 06:27:29,-9.4333,159.95,84.6,78,84,6.46
261,Palmer,US,2022-01-19 06:27:30,42.1584,-72.3287,19.22,67,0,0.0
262,Alofi,NU,2022-01-19 06:27:30,-19.0595,-169.9187,80.49,83,45,11.5
263,Tommot,RU,2022-01-19 06:27:30,58.9564,126.2925,-16.13,90,21,0.96
264,Kyren,RU,2022-01-19 06:27:31,51.6828,102.1408,23.9,90,84,1.01
265,Asti,IT,2022-01-19 06:27:31,44.8979,8.2068,42.64,90,0,1.74
266,Timra,SE,2022-01-19 06:27:31,62.487,17.3257,28.11,93,0,2.3
267,Westport,US,2022-01-19 06:27:02,41.1415,-73.3579,28.74,73,0,0.0
268,Mar Del Plata,AR,2022-01-19 06:27:32,-38.0023,-57.5575,68.09,91,100,1.01
269,Taksimo,RU,2022-01-19 06:23:30,56.3444,114.8794,-18.15,89,75,2.75
270,Clyde River,CA,2022-01-19 06:28:32,70.4692,-68.5914,-5.57,84,100,36.82
271,Padang,ID,2022-01-19 06:28:33,-0.9492,100.3543,78.85,81,100,8.34
272,Puerto Madryn,AR,2022-01-19 06:28:33,-42.7692,-65.0385,60.1,62,82,12.41
273,Port Hawkesbury,CA,2022-01-19 06:28:33,45.6169,-61.3485,17.19,80,100,15.01
274,Tigil,RU,2022-01-19 06:28:34,57.8,158.6667,3.29,83,56,6.26
275,Ajdabiya,LY,2022-01-19 06:28:34,30.7554,20.2263,52.21,76,4,9.53
276,Wanning,CN,2022-01-19 06:28:34,18.8003,110.3967,70.36,71,89,11.45
277,Khorixas,NA,2022-01-19 06:28:34,-20.3667,14.9667,69.75,78,99,5.88
278,Dingle,PH,2022-01-19 06:28:35,10.9995,122.6711,82.78,73,84,14.18
279,Waipawa,NZ,2022-01-19 06:28:35,-41.4122,175.5153,68.63,67,38,19.3
280,Saint-Vallier,FR,2022-01-19 06:28:35,46.6411,4.3711,29.17,97,4,2.59
281,Springdale,US,2022-01-19 06:28:36,36.1867,-94.1288,52.03,90,0,5.75
282,Eseka,CM,2022-01-19 06:28:36,3.65,10.7667,71.51,97,78,2.13
283,Bonavista,CA,2022-01-19 06:28:36,48.6499,-53.1147,40.12,90,94,14.25
284,Benguela,AO,2022-01-19 06:28:37,-12.5763,13.4055,71.87,73,50,2.1
285,Walvis Bay,NA,2022-01-19 06:28:37,-22.9575,14.5053,68.09,82,100,3.44
286,Kutum,SD,2022-01-19 06:28:37,14.2,24.6667,49.08,38,0,8.57
287,Pascagoula,US,2022-01-19 06:28:38,30.3658,-88.5561,53.56,91,100,0.0
288,Kamaishi,JP,2022-01-19 06:28:38,39.2667,141.8833,32.95,54,57,1.1
289,Hualmay,PE,2022-01-19 06:28:38,-11.0964,-77.6139,71.37,83,98,6.85
290,Olafsvik,IS,2022-01-19 06:28:39,64.8945,-23.7142,29.5,65,46,14.5
291,Atuntaqui,EC,2022-01-19 06:28:39,0.3333,-78.2167,57.02,86,60,4.47
292,Columbus,US,2022-01-19 06:28:39,39.9612,-82.9988,34.11,87,0,1.01
293,Luwuk,ID,2022-01-19 06:28:40,-0.9516,122.7875,84.54,77,78,0.76
294,Wolmirstedt,DE,2022-01-19 06:28:40,52.25,11.6333,38.89,93,89,4.41
295,Fortuna,US,2022-01-19 06:28:40,40.5982,-124.1573,48.33,95,100,0.0
296,Ligayan,PH,2022-01-19 06:28:40,4.6533,119.4706,80.55,81,96,12.71
297,Erenhot,CN,2022-01-19 06:28:41,43.6475,111.9767,13.12,60,65,12.44
298,Tocopilla,CL,2022-01-19 06:28:41,-22.092,-70.1979,69.08,80,41,4.47
299,Manica,FR,2022-01-19 06:28:41,49.0,-1.1667,38.61,97,67,2.46
300,Furano,JP,2022-01-19 06:28:42,43.2818,142.4743,17.1,85,87,4.68
301,Grindavik,IS,2022-01-19 06:28:42,63.8424,-22.4338,30.67,69,75,16.11
302,Rock Sound,BS,2022-01-19 06:28:43,24.9,-76.2,69.69,56,5,10.94
303,Honningsvag,NO,2022-01-19 06:28:43,70.9821,25.9704,37.15,70,75,13.8
304,Angoram,PG,2022-01-19 06:28:43,-4.0625,144.0661,81.37,75,97,5.03
305,Bhadasar,IN,2022-01-19 06:28:44,28.2833,74.3167,65.84,28,98,9.13
306,Flinders,AU,2022-01-19 06:28:44,-34.5833,150.8552,69.21,86,100,7.0
307,Calvinia,ZA,2022-01-19 06:28:45,-31.4707,19.776,64.22,72,0,6.91
308,Pokhara,NP,2022-01-19 06:28:45,28.2333,83.9833,64.13,44,2,6.64
309,Iquitos,PE,2022-01-19 06:28:45,-3.7481,-73.2472,77.04,94,75,6.91
310,Kuldur,RU,2022-01-19 06:28:46,49.2167,131.6333,2.64,85,66,6.35
311,Guerrero Negro,MX,2022-01-19 06:28:46,27.9769,-114.0611,61.14,89,85,8.25
312,Salinas,US,2022-01-19 06:28:47,36.6777,-121.6555,54.19,82,75,4.61
313,San Joaquin,US,2022-01-19 06:28:47,37.9333,-121.3011,50.99,86,0,0.0
314,Tautira,PF,2022-01-19 06:28:47,-17.7333,-149.15,77.02,71,100,8.57
315,Mabaruma,GY,2022-01-19 06:28:47,8.2,-59.7833,69.94,97,12,1.72
316,Tottori,JP,2022-01-19 06:29:32,35.5,134.2333,39.27,87,75,6.91
317,Komsomolskiy,UZ,2022-01-19 06:29:48,40.4272,71.7189,45.32,87,75,0.0
318,Ibra,OM,2022-01-19 06:29:48,22.6906,58.5334,74.84,55,28,3.89
319,Carutapera,BR,2022-01-19 06:29:48,-1.195,-46.02,74.59,94,85,3.44
320,Ushtobe,KZ,2022-01-19 06:29:49,45.2514,77.9838,37.65,69,93,8.37
321,Ulcinj,ME,2022-01-19 06:29:49,41.9294,19.2244,34.02,54,0,9.89
322,Severo-Kurilsk,RU,2022-01-19 06:29:49,50.6789,156.125,29.34,81,100,7.11
323,Semnan,IR,2022-01-19 06:29:50,35.5729,53.3971,37.76,21,0,3.13
324,Mackay,AU,2022-01-19 06:29:50,-21.15,149.2,89.69,62,40,13.8
325,Tessalit,ML,2022-01-19 06:29:50,20.1986,1.0114,52.2,29,0,11.72
326,Silver City,US,2022-01-19 06:29:51,32.7701,-108.2803,40.68,93,100,5.75
327,Yazoo City,US,2022-01-19 06:29:51,32.8551,-90.4056,52.54,80,65,10.8
328,Astana,KZ,2022-01-19 06:29:51,51.1801,71.446,4.95,85,40,4.47
329,Narsaq,GL,2022-01-19 06:29:52,60.9167,-46.05,28.62,88,100,11.12
330,Wyndham,US,2022-01-19 06:29:52,37.6985,-77.6125,28.08,84,0,1.99
331,Santa Cruz Do Rio Pardo,BR,2022-01-19 06:29:52,-22.8989,-49.6325,68.68,94,74,0.51
332,Longyearbyen,SJ,2022-01-19 06:29:53,78.2186,15.6401,12.04,67,40,33.38
333,Wewak,PG,2022-01-19 06:29:53,-3.5534,143.6268,82.17,75,98,12.91
334,Oyugis,KE,2022-01-19 06:29:53,-0.509,34.7358,66.78,77,81,1.03
335,Shancheng,CN,2022-01-19 06:29:54,34.7953,116.0817,48.36,46,5,7.83
336,Namatanai,PG,2022-01-19 06:29:54,-3.6667,152.4333,81.9,79,100,13.69
337,Hobyo,SO,2022-01-19 06:29:54,5.3505,48.5268,81.5,69,70,17.11
338,Bougouni,ML,2022-01-19 06:29:55,11.417,-7.479,64.87,15,0,6.17
339,Sakaiminato,JP,2022-01-19 06:29:55,35.55,133.2333,42.73,81,20,11.5
340,Mount Gambier,AU,2022-01-19 06:29:55,-37.8333,140.7667,82.31,36,4,21.85
341,Emerald,AU,2022-01-19 06:29:56,-23.5333,148.1667,95.14,34,100,11.5
342,Ozimek,PL,2022-01-19 06:29:56,50.6794,18.2137,31.55,77,52,5.75
343,Aripuana,BR,2022-01-19 06:29:56,-9.1667,-60.6333,72.84,93,78,0.92
344,Pemangkat,ID,2022-01-19 06:29:57,1.1667,108.9667,80.53,83,99,14.07
345,Goderich,CA,2022-01-19 06:29:57,43.7501,-81.7165,32.92,74,100,20.71
346,Port Hardy,CA,2022-01-19 06:29:57,50.6996,-127.4199,44.78,87,100,10.36
347,Solhan,TR,2022-01-19 06:29:58,38.9634,41.0293,21.6,94,100,6.8
348,Makokou,GA,2022-01-19 06:29:58,0.5738,12.8642,70.14,95,99,0.78
349,Quang Ngai,VN,2022-01-19 06:26:55,15.1167,108.8,70.2,88,99,6.6
350,Coquimbo,CL,2022-01-19 06:29:58,-29.9533,-71.3436,63.23,68,0,4.41
351,Labuhan,ID,2022-01-19 06:29:59,-6.8844,112.2051,84.13,72,98,13.27
352,Abalak,RU,2022-01-19 06:30:00,58.1286,68.5944,15.06,94,99,8.08
353,Cockburn Town,TC,2022-01-19 06:30:00,21.4612,-71.1419,76.89,76,93,20.15
354,Mansa,IN,2022-01-19 06:30:01,29.9833,75.3833,66.78,39,100,3.15
355,Camacha,PT,2022-01-19 06:30:02,33.0833,-16.3333,62.53,77,40,17.27
356,Dnipryany,UA,2022-01-19 06:30:02,46.7463,33.2729,23.95,76,100,15.43
357,Bone,DE,2022-01-19 06:30:03,51.9669,12.1396,38.62,89,68,7.16
358,Kaysville,US,2022-01-19 06:26:52,41.0352,-111.9386,36.12,74,75,3.0
359,Maun,BW,2022-01-19 06:29:17,-19.9833,23.4167,72.91,74,37,6.53
360,Luanda,AO,2022-01-19 06:27:59,-8.8368,13.2343,73.4,83,20,6.91
361,Matara,LK,2022-01-19 06:30:04,5.9485,80.5353,82.99,68,100,5.91
362,Independencia,BR,2022-01-19 06:31:05,-5.3964,-40.3086,72.68,82,11,4.99
363,Marihatag,PH,2022-01-19 06:31:05,8.7936,126.2969,82.44,72,14,8.16
364,Adet,ET,2022-01-19 06:31:06,11.2644,37.4888,63.43,66,49,3.53
365,Tigzirt,DZ,2022-01-19 06:31:06,36.8886,4.1198,48.11,50,0,5.61
366,Mandan,US,2022-01-19 06:31:06,46.8267,-100.8896,-1.97,73,0,20.71
367,Nyagan,RU,2022-01-19 06:31:07,62.1406,65.3936,16.0,92,51,7.83
368,Jiuquan,CN,2022-01-19 06:31:07,39.7432,98.5174,32.63,24,0,4.47
369,Paragominas,BR,2022-01-19 06:31:07,-2.9667,-47.4833,70.65,99,100,1.97
370,Bahia Blanca,AR,2022-01-19 06:31:08,-38.7196,-62.2724,60.89,92,100,11.99
371,Zhenlai,CN,2022-01-19 06:31:08,45.8495,123.2973,3.92,81,3,1.9
372,Sabinas Hidalgo,MX,2022-01-19 06:31:08,26.5,-100.1667,60.31,55,1,4.74
373,Yeppoon,AU,2022-01-19 06:31:09,-23.1333,150.7333,89.38,65,55,13.76
374,Tuy Hoa,VN,2022-01-19 06:31:09,13.0833,109.3,75.27,79,98,15.28
375,Husavik,IS,2022-01-19 06:31:09,66.0449,-17.3389,24.71,67,98,12.64
376,Amahai,ID,2022-01-19 06:31:10,-3.3333,128.9167,81.32,82,100,2.3
377,Half Moon Bay,US,2022-01-19 06:31:10,37.4636,-122.4286,51.35,91,100,0.0
378,Troitsko-Pechorsk,RU,2022-01-19 06:31:11,62.7084,56.1964,6.73,98,95,4.05
379,Novi Sanzhary,UA,2022-01-19 06:31:11,49.3439,34.3108,16.72,87,76,12.39
380,Bilibino,RU,2022-01-19 06:31:11,68.0546,166.4372,-32.13,85,6,1.95
381,Vila,PT,2022-01-19 06:31:11,42.0304,-8.1588,36.32,72,2,4.18
382,Iberia,US,2022-01-19 06:31:12,29.9502,-91.7507,58.98,82,75,9.22
383,Senneterre,CA,2022-01-19 06:31:12,48.3835,-77.2328,-1.98,92,100,7.56
384,Haag,NL,2022-01-19 06:31:12,52.0767,4.2986,40.95,83,100,1.01
385,Kitui,KE,2022-01-19 06:29:50,-1.367,38.0106,72.93,63,99,4.72
386,Yanam,IN,2022-01-19 06:31:13,16.7333,82.2167,79.2,50,6,3.71
387,Iqaluit,CA,2022-01-19 06:30:05,63.7506,-68.5145,-16.31,68,75,23.0
388,Arrifes,PT,2022-01-19 06:31:13,37.7667,-25.7,58.23,94,75,10.36
389,Osoyoos,CA,2022-01-19 06:30:06,49.0331,-119.4524,37.33,93,100,1.14
390,Smidovich,RU,2022-01-19 06:31:13,48.6,133.8167,-8.81,97,18,2.98
391,Ouesso,CG,2022-01-19 06:31:14,1.6136,16.0517,76.82,67,62,2.24
392,Iquique,CL,2022-01-19 06:31:14,-20.2208,-70.1431,69.26,77,100,1.3
393,Simao,CN,2022-01-19 06:31:15,22.7886,100.9748,59.97,84,37,3.65
394,Wenling,CN,2022-01-19 06:31:15,28.3669,121.36,55.69,71,24,6.98
395,Yurga,RU,2022-01-19 06:31:16,55.7231,84.8861,10.87,94,63,6.67
396,Bhimunipatnam,IN,2022-01-19 06:31:17,17.8833,83.4333,80.11,56,0,5.26
397,Amuntai,ID,2022-01-19 06:31:17,-2.4177,115.2494,84.31,68,100,1.99
398,Horlesti,RO,2022-01-19 06:31:18,47.1167,27.3667,28.22,82,31,13.91
399,Northam,GB,2022-01-19 06:31:18,51.0333,-4.2167,47.55,89,99,9.71
400,Saint-Joseph,RE,2022-01-19 06:31:18,-21.3667,55.6167,86.11,79,50,4.38
401,Marica,BR,2022-01-19 06:27:13,-22.9194,-42.8186,78.75,95,5,8.63
402,San Borja,BO,2022-01-19 06:31:19,-14.8167,-66.85,72.25,96,100,0.94
403,Kirando,TZ,2022-01-19 06:31:19,-7.4167,30.6,70.2,86,100,6.62
404,Faya,SA,2022-01-19 06:31:19,18.3851,42.4509,55.92,73,41,7.31
405,Gushikawa,JP,2022-01-19 06:31:20,26.3544,127.8686,63.63,57,100,10.36
406,Karratha,AU,2022-01-19 06:31:20,-20.7377,116.8463,88.93,54,0,13.11
407,Ribeira Grande,PT,2022-01-19 06:31:20,38.5167,-28.7,60.19,83,91,6.67
408,Barkhan,PK,2022-01-19 06:31:20,29.8977,69.5256,58.51,56,0,5.32
409,Pottsville,US,2022-01-19 06:32:21,40.6857,-76.1955,27.3,90,100,2.26
410,Macas,EC,2022-01-19 06:30:16,-2.3167,-78.1167,64.47,96,100,3.09
411,Quatre Cocos,MU,2022-01-19 06:32:21,-20.2078,57.7625,86.11,70,100,7.34
412,Chicama,PE,2022-01-19 06:32:21,-7.8447,-79.1469,68.54,82,100,3.74
413,Kloulklubed,PW,2022-01-19 06:32:22,7.0419,134.2556,84.7,73,100,13.85
414,Victoriaville,CA,2022-01-19 06:32:22,46.0501,-71.9658,-9.36,98,21,4.16
415,San Quintin,MX,2022-01-19 06:32:22,30.4833,-115.95,58.69,87,12,5.57
416,Capoterra,IT,2022-01-19 06:32:23,39.1763,8.9718,49.78,86,75,4.61
417,Tyukhtet,RU,2022-01-19 06:32:23,56.5389,89.3011,16.29,89,17,6.53
418,Berkak,NO,2022-01-19 06:32:23,62.825,10.0118,33.78,82,100,11.25
419,Fort Nelson,CA,2022-01-19 06:32:24,58.8053,-122.7002,-15.21,76,20,2.3
420,Gawler,AU,2022-01-19 06:31:09,-34.6,138.7333,88.25,26,2,11.3
421,Kropotkin,RU,2022-01-19 06:32:24,45.4375,40.5756,26.71,93,100,6.64
422,Kharp,RU,2022-01-19 06:32:24,66.8014,65.8081,-0.78,99,100,1.83
423,Banff,CA,2022-01-19 06:32:25,51.1762,-115.5698,11.73,78,94,1.14
424,Bairiki,KI,2022-01-19 06:32:25,1.3292,172.9752,82.4,83,75,13.8
425,Angul,IN,2022-01-19 06:32:25,20.85,85.1,75.61,34,0,3.36
426,Amapa,BR,2022-01-19 06:32:26,1.0,-52.0,69.75,100,61,0.65
427,Trincomalee,LK,2022-01-19 06:32:26,8.5711,81.2335,80.19,64,49,11.54
428,Roald,NO,2022-01-19 06:32:26,62.5833,6.1333,45.34,87,75,27.63
429,Baruun-Urt,MN,2022-01-19 06:32:27,46.6806,113.2792,5.9,74,99,1.36
430,Praia,CV,2022-01-19 06:32:27,14.9215,-23.5087,70.34,78,40,10.36
431,Hay River,CA,2022-01-19 06:32:27,60.8156,-115.7999,-14.82,70,0,11.5
432,Portree,GB,2022-01-19 06:32:28,57.4129,-6.1942,42.85,87,100,14.61
433,Kamiiso,JP,2022-01-19 06:32:28,41.8167,140.65,35.98,44,75,4.61
434,Eyemouth,GB,2022-01-19 06:32:28,55.8713,-2.0901,48.24,76,8,27.87
435,Tiznit,MA,2022-01-19 06:32:29,29.5833,-9.5,50.18,43,37,7.87
436,Zaoyang,CN,2022-01-19 06:32:29,32.1272,112.7542,57.2,39,0,5.19
437,Cidreira,BR,2022-01-19 06:32:29,-30.1811,-50.2056,75.65,87,36,8.43
438,Istiaia,GR,2022-01-19 06:29:20,38.9558,23.1528,39.54,66,1,4.97
439,Grand-Santi,GF,2022-01-19 06:32:30,4.25,-54.3833,70.43,100,79,1.99
440,Hanna,CA,2022-01-19 06:32:30,51.6334,-111.9018,-11.18,99,14,2.89
441,Paita,PE,2022-01-19 06:32:30,-5.0892,-81.1144,71.24,79,85,8.14
442,Nikolskoye,RU,2022-01-19 06:32:31,59.7035,30.7861,34.88,93,100,8.39
443,Sistranda,NO,2022-01-19 06:29:43,63.7256,8.834,44.91,89,100,36.98
444,Buraydah,SA,2022-01-19 06:31:11,26.326,43.975,46.85,34,0,3.91
445,Ndioum,SN,2022-01-19 06:32:31,16.5129,-14.6471,69.69,11,14,12.19
446,Mormugao,IN,2022-01-19 06:32:32,15.4,73.8,83.1,48,5,8.68
447,Leningradskiy,RU,2022-01-19 06:32:32,69.3833,178.4167,-31.72,96,39,4.99
448,Binzhou,CN,2022-01-19 06:32:32,37.3667,118.0167,32.85,44,81,14.61
449,Isoka,ZM,2022-01-19 06:32:33,-10.1606,32.6335,62.83,95,100,4.79
450,Nishihara,JP,2022-01-19 06:32:33,26.1842,127.7558,63.68,58,100,11.5
451,Eureka,US,2022-01-19 06:32:33,40.8021,-124.1637,48.58,80,83,4.41
452,Pisco,PE,2022-01-19 06:32:34,-13.7,-76.2167,69.85,83,0,4.61
453,Baijiantan,CN,2022-01-19 06:32:34,45.6333,85.1833,23.92,72,100,1.03
454,Penzance,GB,2022-01-19 06:31:48,50.1186,-5.5371,50.77,96,100,12.62
455,Banda Aceh,ID,2022-01-19 06:32:34,5.5577,95.3222,84.56,66,29,9.51
456,Suoyarvi,RU,2022-01-19 06:32:35,62.0833,32.35,30.02,98,100,10.22
457,Rapid Valley,US,2022-01-19 06:32:35,44.0625,-103.1463,19.33,68,100,1.99
458,La Ronge,CA,2022-01-19 06:33:35,55.1001,-105.2842,-21.75,69,40,5.75
459,Villa Hayes,PY,2022-01-19 06:33:36,-25.0931,-57.5236,86.52,48,0,8.05
460,Nueva Loja,EC,2022-01-19 06:33:36,0.0847,-76.8828,69.44,99,100,2.37
461,Businga,CD,2022-01-19 06:33:36,3.3333,20.8833,77.23,28,100,3.29
462,Deep River,CA,2022-01-19 06:29:22,46.1001,-77.4995,6.44,92,100,9.26
463,Piacabucu,BR,2022-01-19 06:33:37,-10.4056,-36.4344,76.82,76,3,4.94
464,Bandarbeyla,SO,2022-01-19 06:33:37,9.4942,50.8122,79.77,66,35,13.62
465,Wamba,NG,2022-01-19 06:33:37,8.9333,8.6,69.42,25,67,3.09
466,Hovd,MN,2022-01-19 06:33:38,48.0056,91.6419,13.17,78,100,3.2
467,Korla,CN,2022-01-19 06:33:38,41.7597,86.1469,34.99,30,42,5.37
468,Broome,US,2022-01-19 06:33:38,42.2506,-75.833,22.91,80,75,8.99
469,Kochi,IN,2022-01-19 06:33:39,9.9399,76.2602,85.98,58,38,9.84
470,Los Llanos De Aridane,ES,2022-01-19 06:33:39,28.6585,-17.9182,64.15,52,0,7.0
471,Guymon,US,2022-01-19 06:33:39,36.6828,-101.4816,37.42,35,0,6.91
472,Yar-Sale,RU,2022-01-19 06:33:40,66.8333,70.8333,-18.4,100,59,4.25
473,Chiang Klang,TH,2022-01-19 06:33:40,19.2938,100.8617,81.73,78,69,3.09
474,Valverde Del Camino,ES,2022-01-19 06:33:40,37.5751,-6.7543,37.83,70,66,3.98
475,Kikwit,CD,2022-01-19 06:33:41,-5.041,18.8162,73.35,88,81,1.9
476,Mandalgovi,MN,2022-01-19 06:33:41,45.7625,106.2708,16.68,63,100,13.94
477,Chingola,ZM,2022-01-19 06:33:41,-12.529,27.8838,61.68,97,100,3.94
478,Ostrovnoy,RU,2022-01-19 06:33:41,68.0531,39.5131,25.83,89,100,29.95
479,Zhezkazgan,KZ,2022-01-19 06:33:42,47.8043,67.7144,10.38,85,20,11.18
480,Ikorodu,NG,2022-01-19 06:33:42,6.6191,3.5041,78.76,65,84,6.67
481,Lazaro Cardenas,MX,2022-01-19 06:33:42,17.9583,-102.2,72.57,85,0,4.45
482,Kununurra,AU,2022-01-19 06:33:43,-15.7667,128.7333,96.78,44,40,5.75
483,Scottsboro,US,2022-01-19 06:30:26,34.6723,-86.0341,47.5,100,75,0.0
484,Kirakira,SB,2022-01-19 06:33:43,-10.4544,161.9205,82.87,80,27,3.85
485,Samarai,PG,2022-01-19 06:33:43,-10.6167,150.6667,84.49,71,85,16.53
486,Yangjiang,CN,2022-01-19 06:32:46,21.85,111.9667,65.95,40,0,3.06
487,Codrington,AU,2022-01-19 06:33:44,-38.2667,141.9667,71.91,54,0,24.4
488,Jurado,CO,2022-01-19 06:33:44,7.1053,-77.7641,74.21,92,55,4.88
489,Mae Sai,TH,2022-01-19 06:33:45,20.4335,99.8762,72.45,66,41,3.42
490,Lodja,CD,2022-01-19 06:33:45,-3.4833,23.4333,72.79,80,100,2.04
491,Palana,RU,2022-01-19 06:33:45,59.1167,159.9667,-1.73,83,0,7.81
492,Maniitsoq,GL,2022-01-19 06:33:46,65.4167,-52.9,31.5,97,100,41.96
493,Noyakert,AM,2022-01-19 06:33:46,39.8312,44.669,25.14,61,100,6.6
494,Smoky Lake,CA,2022-01-19 06:33:46,54.1169,-112.4686,-19.44,76,46,3.44
495,Naryan-Mar,RU,2022-01-19 06:33:47,67.6713,53.087,4.37,97,99,8.43
496,Sobolevo,RU,2022-01-19 06:33:47,54.4299,31.8996,20.46,96,99,8.01
497,Barra Do Garcas,BR,2022-01-19 06:33:47,-15.89,-52.2567,70.63,93,100,1.34
498,Akcakoca,TR,2022-01-19 06:33:47,41.0866,31.1162,35.31,70,100,15.97
499,Aberdeen,GB,2022-01-19 06:33:48,57.1437,-2.0981,46.89,85,75,20.71
500,Zuwarah,LY,2022-01-19 06:33:48,32.9312,12.082,51.44,73,3,5.35
501,Umm Lajj,SA,2022-01-19 06:31:45,25.0213,37.2685,63.59,50,97,10.4
502,Tevaitoa,PF,2022-01-19 06:33:49,-16.7833,-151.5,78.01,77,100,17.36
503,Crestview,US,2022-01-19 06:30:06,30.7621,-86.5705,49.59,95,0,3.0
504,Sokolka,PL,2022-01-19 06:33:49,53.4072,23.5023,29.64,93,100,10.67
505,Hearst,CA,2022-01-19 06:33:49,49.6835,-83.6665,1.65,96,100,9.66
506,Dukat,RU,2022-01-19 06:32:12,62.55,155.55,-25.98,85,3,2.55
507,Alihe,CN,2022-01-19 06:34:50,50.5667,123.7167,4.91,68,0,2.71
508,Valparaiso,CL,2022-01-19 06:34:50,-33.0393,-71.6273,49.64,53,0,3.44
509,Vila Velha,BR,2022-01-19 06:34:50,-20.3297,-40.2925,75.15,92,20,3.44
510,Areosa,PT,2022-01-19 06:34:51,41.7178,-8.8571,47.32,66,0,4.56
511,Medford,US,2022-01-19 06:34:51,42.3265,-122.8756,47.32,82,100,3.44
512,Parsons,US,2022-01-19 06:34:51,37.3403,-95.2611,41.13,86,92,5.19
513,Praia Da Vitoria,PT,2022-01-19 06:34:51,38.7333,-27.0667,60.76,100,75,15.08
514,Novoilinsk,RU,2022-01-19 06:34:52,51.6829,108.7143,13.21,80,99,2.15
515,Pemba,MZ,2022-01-19 06:34:52,-12.974,40.5178,81.3,83,75,4.61
516,Deputatskiy,RU,2022-01-19 06:34:52,69.3,139.9,-22.32,75,98,3.42
517,Mezen,RU,2022-01-19 06:34:53,65.8522,44.24,17.33,86,100,13.27
518,Aswan,EG,2022-01-19 06:34:53,24.0934,32.907,45.7,53,0,5.75
519,Cairns,AU,2022-01-19 06:34:53,-16.9167,145.7667,89.55,51,40,9.22
520,Sayat,TM,2022-01-19 06:34:54,38.7839,63.8803,38.89,65,100,11.74
521,Nosy Varika,MG,2022-01-19 06:34:54,-20.5833,48.5333,78.48,84,69,5.1
522,Portimao,PT,2022-01-19 06:34:55,37.1386,-8.5378,49.91,86,70,6.42
523,Teguldet,RU,2022-01-19 06:34:55,57.3064,88.1667,14.38,91,100,8.46
524,Colchester,GB,2022-01-19 06:34:55,51.8892,0.9042,40.75,91,75,9.6
525,Agapovka,RU,2022-01-19 06:34:56,53.2973,59.1348,18.61,93,100,7.23
526,Mlimba,TZ,2022-01-19 06:34:56,-8.8,35.8167,77.43,74,100,1.45
527,Esperance,AU,2022-01-19 06:34:56,-33.8667,121.9,87.64,49,0,22.75
528,Angoche,MZ,2022-01-19 06:34:57,-16.2325,39.9086,81.82,78,96,10.83
529,La Asuncion,VE,2022-01-19 06:34:57,11.0333,-63.8628,74.93,100,24,5.75
530,Acapulco,MX,2022-01-19 06:34:57,16.8634,-99.8901,73.96,84,0,4.72
531,Poya,NC,2022-01-19 06:34:58,-21.35,165.15,81.68,72,67,8.93
532,Ostersund,SE,2022-01-19 06:34:58,63.1792,14.6357,43.25,56,0,11.5
533,College,US,2022-01-19 06:30:11,64.8569,-147.8028,7.9,83,75,0.0
534,Miles City,US,2022-01-19 06:34:58,46.4083,-105.8406,9.52,66,100,16.11
535,Koygorodok,RU,2022-01-19 06:34:59,60.445,50.9968,3.96,100,100,3.2
536,Yarmouth,US,2022-01-19 06:34:40,41.7057,-70.2286,26.71,57,0,15.01
537,Plettenberg Bay,ZA,2022-01-19 06:34:59,-34.0527,23.3716,68.7,66,2,2.8
538,Fuzhou,CN,2022-01-19 06:34:59,26.0614,119.3061,60.69,62,59,6.91
539,Berlevag,NO,2022-01-19 06:35:00,70.8578,29.0864,35.55,80,40,21.85
540,Ende,ID,2022-01-19 06:35:00,-8.8432,121.6623,75.65,93,100,6.91
541,Urubicha,BO,2022-01-19 06:35:00,-15.3833,-62.95,70.54,97,7,1.79
542,Thinadhoo,MV,2022-01-19 06:35:01,0.5333,72.9333,82.47,74,100,8.59
543,Birao,CF,2022-01-19 06:35:01,10.2849,22.7882,69.39,22,4,10.71
544,San Jeronimo,PE,2022-01-19 06:35:01,-11.9472,-75.2829,46.53,87,99,0.76
545,Sulina,RO,2022-01-19 06:35:02,45.1559,29.6536,29.7,62,27,16.28
546,Patnanungan,PH,2022-01-19 06:35:02,14.7833,122.1833,77.45,84,33,11.95
547,Medea,DZ,2022-01-19 06:35:02,36.2642,2.7539,21.65,57,0,6.35
548,Nguru,NG,2022-01-19 06:35:03,12.8791,10.4526,56.46,29,0,11.72
549,Guangshui,CN,2022-01-19 06:35:03,31.6199,113.9978,55.56,45,0,6.53
550,Las Cruces,US,2022-01-19 06:34:50,32.3123,-106.7783,52.41,86,40,1.01
551,Hollins,US,2022-01-19 06:35:03,37.3413,-79.9431,30.07,85,100,2.3
552,Poli,TZ,2022-01-19 06:36:04,-3.3333,36.8,65.17,88,75,5.75
553,Lasa,IT,2022-01-19 06:36:04,46.6166,10.7002,29.28,57,0,2.57
554,Caravaggio,IT,2022-01-19 06:36:04,45.4989,9.6405,43.32,61,0,2.13
555,Kostino,RU,2022-01-19 06:36:05,58.9097,53.2691,19.62,98,95,3.47
556,Dalvik,IS,2022-01-19 06:36:05,65.9702,-18.5286,24.73,80,83,6.73
557,Sumter,US,2022-01-19 06:36:05,28.7086,-82.0831,46.38,65,52,5.48
558,Urucara,BR,2022-01-19 06:36:06,-2.5364,-57.76,72.84,98,94,2.3
559,Norman Wells,CA,2022-01-19 06:36:06,65.282,-126.8329,-18.36,76,75,3.44
560,San Ramon,US,2022-01-19 06:31:21,37.7799,-121.978,49.86,91,0,1.99
561,Manzanillo,CU,2022-01-19 06:36:06,20.3433,-77.1167,68.4,83,3,8.77
562,Berat,AL,2022-01-19 06:36:07,40.7058,19.9522,39.47,54,0,4.74
563,Vao,NC,2022-01-19 06:36:07,-22.6667,167.4833,78.08,76,94,17.27
564,Saint-Pierre,RE,2022-01-19 06:36:07,-21.3393,55.4781,88.18,74,75,8.05
565,Kayerkan,RU,2022-01-19 06:36:08,69.3497,87.7602,3.92,93,100,12.37
566,Neiafu,TO,2022-01-19 06:36:08,-18.65,-173.9833,82.15,85,44,21.05
567,Mogadishu,SO,2022-01-19 06:36:08,2.0371,45.3438,82.67,62,85,15.73
568,Sonepur,IN,2022-01-19 06:36:09,20.8333,83.9167,75.61,33,0,4.7
569,Shangqiu,CN,2022-01-19 06:36:09,34.45,115.65,49.17,45,6,8.7
570,Bonthe,SL,2022-01-19 06:36:09,7.5264,-12.505,74.37,94,6,4.0
571,Languyan,PH,2022-01-19 06:36:10,5.2618,120.0807,81.43,77,100,8.03
572,Sisophon,KH,2022-01-19 06:36:10,13.5859,102.9737,87.53,42,39,5.39
573,Beian,NO,2022-01-19 06:36:10,63.6559,9.5683,45.01,93,75,20.71
574,Linxia,CN,2022-01-19 06:36:11,35.6003,103.2064,45.36,16,0,4.0
575,Manosque,FR,2022-01-19 06:36:11,43.8288,5.7869,43.39,79,0,3.78
576,Diamantino,BR,2022-01-19 06:36:11,-14.4086,-56.4461,70.56,94,97,4.25
577,Krasnogvardeyets,RU,2022-01-19 06:36:11,52.6804,52.3635,24.76,93,100,15.39
578,Vila Do Maio,CV,2022-01-19 06:36:12,15.1333,-23.2167,70.59,76,91,15.66
579,Kieta,PG,2022-01-19 06:36:12,-6.2167,155.6333,81.1,85,100,2.73
580,Lima,PE,2022-01-19 06:36:12,-12.0432,-77.0282,70.05,78,0,8.05
581,Whitianga,NZ,2022-01-19 06:36:13,-36.8333,175.7,71.11,69,6,10.13
582,Esna,EG,2022-01-19 06:36:13,25.2934,32.554,44.62,38,0,9.69
583,Mailsi,PK,2022-01-19 06:36:13,29.8003,72.1758,72.63,22,85,7.67
584,Baghdad,IQ,2022-01-19 06:36:14,33.3406,44.4009,39.11,81,0,8.05
