City ID,City,Country,Lat,Lng,Max Temp,Humidity,Cloudiness,Wind Speed,Current Description,Date
0,Tamale,GH,9.4008,-0.8393,82.54,13,1,6.89,clear sky,2022-01-23 20:11:31
1,Vaini,TO,-21.2,-175.2,81.1,69,9,9.35,clear sky,2022-01-23 20:11:31
2,Mataura,NZ,-46.1927,168.8643,53.47,68,96,1.32,overcast clouds,2022-01-23 20:11:31
3,Pakxan,LA,18.3778,103.6601,65.5,75,6,3.91,clear sky,2022-01-23 20:11:32
4,Diamantino,BR,-14.4086,-56.4461,84.18,68,74,3.47,broken clouds,2022-01-23 20:11:32
5,Provideniya,RU,64.3833,-173.3,6.08,97,100,7.52,light snow,2022-01-23 20:11:32
6,Faanui,PF,-16.4833,-151.75,81.39,72,96,18.03,overcast clouds,2022-01-23 20:11:33
7,Dudinka,RU,69.4058,86.1778,-16.76,100,100,5.3,overcast clouds,2022-01-23 20:11:33
8,São Filipe,CV,14.8961,-24.4956,75.18,70,100,11.01,overcast clouds,2022-01-23 20:11:33
9,Dikson,RU,73.5069,80.5464,-10.8,100,100,15.41,overcast clouds,2022-01-23 20:11:34
10,Cape Town,ZA,-33.9258,18.4232,70.88,87,10,3.0,clear sky,2022-01-23 20:09:22
11,Aykhal,RU,66.0,111.5,-7.65,100,86,7.11,overcast clouds,2022-01-23 20:11:34
12,Tasiilaq,GL,65.6145,-37.6368,15.96,50,85,16.33,overcast clouds,2022-01-23 20:11:34
13,East London,ZA,-33.0153,27.9116,74.66,75,0,23.35,clear sky,2022-01-23 20:11:35
14,Twin Falls,US,42.3505,-114.6445,25.93,86,100,3.44,overcast clouds,2022-01-23 20:11:35
15,Grand Gaube,MU,-20.0064,57.6608,79.38,84,80,1.01,broken clouds,2022-01-23 20:11:35
16,Klaksvík,FO,62.2266,-6.589,40.12,68,100,28.52,overcast clouds,2022-01-23 20:11:36
17,Kasongo-Lunda,CD,-6.4667,16.8167,69.46,92,63,1.07,broken clouds,2022-01-23 20:11:36
18,Kaitangata,NZ,-46.2817,169.8464,54.93,64,86,1.3,overcast clouds,2022-01-23 20:11:36
19,Lebedyn,UA,50.5852,34.4849,13.62,95,60,9.78,broken clouds,2022-01-23 20:11:36
20,Esperance,AU,-33.8667,121.9,66.04,88,81,13.6,broken clouds,2022-01-23 20:11:37
21,Punta Arenas,CL,-53.15,-70.9167,57.31,58,75,23.02,broken clouds,2022-01-23 20:11:37
22,Hobart,AU,-42.8794,147.3294,61.05,89,0,6.91,clear sky,2022-01-23 20:11:38
23,Rikitea,PF,-23.1203,-134.9692,78.48,74,96,15.9,light rain,2022-01-23 20:11:38
24,Comodoro Rivadavia,AR,-45.8667,-67.5,75.06,20,40,27.63,scattered clouds,2022-01-23 20:11:38
25,Empalme,MX,27.9667,-110.8167,72.36,56,75,0.0,broken clouds,2022-01-23 20:11:39
26,Arkadak,RU,51.9326,43.4978,22.17,96,100,10.71,light snow,2022-01-23 20:11:39
27,Butaritari,KI,3.0707,172.7902,81.7,80,96,18.14,light rain,2022-01-23 20:11:39
28,Riberalta,BO,-10.9833,-66.1,86.2,58,75,9.22,light rain,2022-01-23 20:11:40
29,Castro,BR,-24.7911,-50.0119,87.19,46,0,2.01,clear sky,2022-01-23 20:11:40
30,Coquimbo,CL,-29.9533,-71.3436,67.73,68,0,17.27,clear sky,2022-01-23 20:11:40
31,Fayaoué,NC,-20.65,166.5333,80.4,79,82,12.41,broken clouds,2022-01-23 20:11:41
32,Varadero,CU,23.1536,-81.2514,70.56,80,90,14.2,overcast clouds,2022-01-23 20:11:41
33,Porto Santo,PT,33.072,-16.3415,64.31,72,40,6.91,scattered clouds,2022-01-23 20:11:41
34,George Town,MY,5.4112,100.3354,80.53,83,20,0.0,few clouds,2022-01-23 20:11:42
35,Roald,NO,62.5833,6.1333,47.34,76,75,27.63,broken clouds,2022-01-23 20:11:42
36,Mahibadhoo,MV,3.7833,72.9667,81.64,67,47,13.0,scattered clouds,2022-01-23 20:11:42
37,Kuril'sk,RU,45.2333,147.8833,23.83,73,99,5.86,overcast clouds,2022-01-23 20:11:42
38,Atuona,PF,-9.8,-139.0333,78.28,79,12,18.37,light rain,2022-01-23 20:11:43
39,Ushuaia,AR,-54.8,-68.3,56.86,54,75,4.61,broken clouds,2022-01-23 20:08:21
40,Vestmannaeyjar,IS,63.4427,-20.2734,36.19,63,100,35.77,overcast clouds,2022-01-23 20:11:43
41,Saint Paul Harbor,US,57.79,-152.4072,38.71,93,100,11.5,moderate rain,2022-01-23 20:11:43
42,Marzuq,YE,14.4,46.4667,62.94,70,20,0.6,few clouds,2022-01-23 20:11:44
43,Tuktoyaktuk,CA,69.4541,-133.0374,6.13,94,100,7.58,overcast clouds,2022-01-23 20:11:44
44,Puerto Ayora,EC,-0.7393,-90.3518,82.36,80,100,11.56,overcast clouds,2022-01-23 20:11:44
45,Rawson,AR,-43.3002,-65.1023,77.56,27,64,26.6,broken clouds,2022-01-23 20:10:33
46,Zhigansk,RU,66.7697,123.3711,-7.92,99,100,13.2,light snow,2022-01-23 20:08:21
47,Vardø,NO,70.3705,31.1107,39.4,87,0,29.93,clear sky,2022-01-23 20:11:45
48,Busselton,AU,-33.65,115.3333,63.05,86,35,14.94,scattered clouds,2022-01-23 20:12:45
49,Albany,US,42.6001,-73.9662,30.74,56,100,3.69,overcast clouds,2022-01-23 20:08:18
50,Banjar,ID,-8.19,114.9675,82.26,90,67,4.63,broken clouds,2022-01-23 20:12:46
51,Edd,ER,13.9297,41.6925,80.74,68,0,10.78,clear sky,2022-01-23 20:12:46
52,De-Kastri,RU,51.4667,140.7833,-8.91,97,18,7.09,few clouds,2022-01-23 20:12:46
53,Mar del Plata,AR,-38.0023,-57.5575,82.42,46,0,10.0,clear sky,2022-01-23 20:12:44
54,Jiuquan,CN,39.7432,98.5174,20.5,55,25,2.28,scattered clouds,2022-01-23 20:12:47
55,Hilo,US,19.7297,-155.09,78.24,77,40,3.44,scattered clouds,2022-01-23 20:12:21
56,Codrington,AU,-38.2667,141.9667,71.42,46,100,6.89,overcast clouds,2022-01-23 20:12:47
57,Kruisfontein,ZA,-34.0033,24.7314,69.89,69,0,1.66,clear sky,2022-01-23 20:08:58
58,Iowa City,US,41.6611,-91.5302,17.2,63,0,11.5,clear sky,2022-01-23 20:12:47
59,Carnarvon,AU,-24.8667,113.6333,78.87,73,2,19.57,light rain,2022-01-23 20:12:48
60,Yellowknife,CA,62.456,-114.3525,-15.72,80,44,8.99,scattered clouds,2022-01-23 20:12:48
61,Oktyabr'skoye,RU,43.0645,44.7417,28.54,92,100,4.47,overcast clouds,2022-01-23 20:12:48
62,Sittwe,MM,20.15,92.9,66.38,67,5,6.2,clear sky,2022-01-23 20:12:49
63,Kapaa,US,22.0752,-159.319,76.98,80,75,4.61,broken clouds,2022-01-23 20:08:25
64,Fukuechō,JP,32.6881,128.8419,55.02,72,100,33.11,overcast clouds,2022-01-23 20:12:49
65,Rabaul,PG,-4.1967,152.1721,80.37,77,100,6.69,overcast clouds,2022-01-23 20:12:50
66,Nikolskoye,RU,59.7035,30.7861,25.39,94,89,7.96,overcast clouds,2022-01-23 20:12:50
67,Tiksi,RU,71.6872,128.8694,-6.92,99,100,4.7,overcast clouds,2022-01-23 20:12:50
68,Avarua,CK,-21.2078,-159.775,80.65,89,75,17.27,broken clouds,2022-01-23 20:12:51
69,Kichera,RU,55.9375,110.0997,-2.33,81,6,4.85,clear sky,2022-01-23 20:12:51
70,Ongandjera,NA,-17.8833,15.0667,80.62,30,100,5.59,overcast clouds,2022-01-23 20:12:51
71,Tsabong,BW,-26.0217,22.401,72.14,47,62,9.4,broken clouds,2022-01-23 20:12:52
72,Hithadhoo,MV,-0.6,73.0833,81.99,71,14,16.49,few clouds,2022-01-23 20:12:52
73,Raton,US,36.9034,-104.4391,46.63,36,0,9.22,clear sky,2022-01-23 20:12:52
74,Alekseyevsk,RU,57.8406,108.3492,-16.28,100,100,2.21,overcast clouds,2022-01-23 20:12:53
75,Jamestown,US,42.097,-79.2353,27.72,64,100,5.99,light snow,2022-01-23 20:12:53
76,Upernavik,GL,72.7868,-56.1549,-14.39,65,0,5.7,clear sky,2022-01-23 20:11:51
77,Port Alfred,ZA,-33.5906,26.891,74.88,74,0,26.66,clear sky,2022-01-23 20:12:53
78,Zhangzhou,CN,24.5133,117.6556,61.14,98,77,1.95,broken clouds,2022-01-23 20:12:54
79,Susanville,US,40.4163,-120.653,45.66,52,0,1.99,clear sky,2022-01-23 20:12:54
80,Bredasdorp,ZA,-34.5322,20.0403,68.29,71,16,7.34,few clouds,2022-01-23 20:12:54
81,Lata,PT,40.1629,-8.3327,50.81,76,0,2.73,clear sky,2022-01-23 20:12:55
82,Ketchikan,US,55.3422,-131.6461,45.07,93,100,10.36,light rain,2022-01-23 20:10:51
83,Buala,SB,-8.145,159.5921,81.23,82,66,5.28,broken clouds,2022-01-23 20:12:55
84,Lagoa,PT,39.05,-27.9833,59.31,63,22,7.87,few clouds,2022-01-23 20:11:50
85,Airai,TL,-8.9266,125.4092,60.67,86,100,2.39,overcast clouds,2022-01-23 20:12:56
86,Saldanha,ZA,-33.0117,17.9442,66.09,97,57,16.02,broken clouds,2022-01-23 20:12:56
87,Ust-Tsilma,RU,65.441,52.1498,9.63,92,93,7.94,overcast clouds,2022-01-23 20:12:56
88,Ola,RU,59.5833,151.2833,-11.06,87,29,9.04,scattered clouds,2022-01-23 20:12:57
89,Saskylakh,RU,71.9167,114.0833,-12.84,100,94,4.85,overcast clouds,2022-01-23 20:12:12
90,Lüderitz,NA,-26.6481,15.1594,78.03,60,82,11.12,broken clouds,2022-01-23 20:08:19
91,Petropavlovsk-Kamchatskiy,RU,53.0452,158.6483,0.19,71,0,11.18,clear sky,2022-01-23 20:12:57
92,Il’inskiy,RU,55.619,38.1182,-1.05,100,100,2.51,overcast clouds,2022-01-23 20:13:57
93,Orcopampa,PE,-15.2661,-72.3417,56.03,58,79,8.61,moderate rain,2022-01-23 20:13:58
94,Flin Flon,CA,54.7682,-101.865,2.21,82,98,7.2,overcast clouds,2022-01-23 20:13:58
95,Adiaké,CI,5.2863,-3.304,80.19,79,1,6.85,clear sky,2022-01-23 20:13:58
96,Vila Franca do Campo,PT,37.7167,-25.4333,59.2,70,50,7.61,scattered clouds,2022-01-23 20:13:59
97,Sechura,PE,-5.5569,-80.8222,81.84,57,55,16.53,broken clouds,2022-01-23 20:13:59
98,Portland,US,45.5234,-122.6762,54.36,74,38,8.01,scattered clouds,2022-01-23 20:11:13
99,Saint-François,FR,46.4154,3.9054,35.04,85,100,5.75,overcast clouds,2022-01-23 20:14:00
100,Sanguéya,GN,10.7,-14.3667,74.71,76,67,4.99,broken clouds,2022-01-23 20:14:00
101,New Norfolk,AU,-42.7826,147.0587,60.71,74,93,1.97,overcast clouds,2022-01-23 20:14:00
102,Torbay,CA,47.6666,-52.7314,28.76,93,94,8.01,overcast clouds,2022-01-23 20:14:00
103,Yangi Marg`ilon,UZ,40.4272,71.7189,36.32,80,75,2.3,mist,2022-01-23 20:14:01
104,Mossamedes,AO,-15.1961,12.1522,75.45,85,87,6.64,overcast clouds,2022-01-23 20:14:01
105,Stara Vyzhivka,UA,51.4376,24.44,15.26,96,11,5.08,few clouds,2022-01-23 20:14:02
106,Magdalena,PH,14.1999,121.429,76.42,92,83,3.38,broken clouds,2022-01-23 20:14:02
107,Immokalee,US,26.4187,-81.4173,61.95,72,75,6.91,broken clouds,2022-01-23 20:13:09
108,Arraial do Cabo,BR,-22.9661,-42.0278,80.46,74,0,18.41,clear sky,2022-01-23 20:14:02
109,Bethel,US,41.3712,-73.414,36.1,50,0,1.01,snow,2022-01-23 20:14:03
110,Venado Tuerto,AR,-33.7456,-61.9688,86.61,43,100,5.46,overcast clouds,2022-01-23 20:14:03
111,Mumbwa,ZM,-14.9783,27.0619,61.02,97,2,3.65,clear sky,2022-01-23 20:14:03
112,Ostrovnoy,RU,68.0531,39.5131,28.36,92,100,29.68,overcast clouds,2022-01-23 20:14:04
113,Barrow,US,71.2906,-156.7887,-2.18,78,100,6.91,overcast clouds,2022-01-23 20:14:04
114,Hervey Bay,AU,-25.2986,152.8535,69.03,90,98,5.01,overcast clouds,2022-01-23 20:14:04
115,Young,UY,-32.6833,-57.6333,83.53,60,98,6.51,overcast clouds,2022-01-23 20:14:05
116,Katsuura,JP,35.1333,140.3,44.71,83,100,10.22,light rain,2022-01-23 20:09:13
117,Mackay,AU,-21.15,149.2,73.69,67,87,7.67,overcast clouds,2022-01-23 20:11:22
118,Lebu,CL,-37.6167,-73.65,64.65,73,2,10.4,clear sky,2022-01-23 20:14:05
119,Nanortalik,GL,60.1432,-45.2371,21.83,79,100,6.93,overcast clouds,2022-01-23 20:14:06
120,Iqaluit,CA,63.7506,-68.5145,-18.4,95,100,2.15,overcast clouds,2022-01-23 20:14:06
121,Cabo San Lucas,MX,22.8909,-109.9124,75.61,59,100,3.0,overcast clouds,2022-01-23 20:10:36
122,Ambon City,ID,-3.6954,128.1814,75.34,94,40,5.75,scattered clouds,2022-01-23 20:14:06
123,Kainantu,PG,-6.2887,145.8655,58.46,97,100,2.86,overcast clouds,2022-01-23 20:14:07
124,Ancud,CL,-41.8697,-73.8203,65.43,73,60,11.65,broken clouds,2022-01-23 20:14:07
125,San Giovanni Rotondo,IT,41.7049,15.7191,39.43,72,78,15.26,broken clouds,2022-01-23 20:14:07
126,Ponta do Sol,PT,32.6667,-17.1,66.7,78,100,5.68,overcast clouds,2022-01-23 20:14:08
127,Saint George,US,37.1041,-113.5841,54.63,36,0,4.0,clear sky,2022-01-23 20:14:08
128,Northam,GB,51.0333,-4.2167,42.3,87,11,7.58,few clouds,2022-01-23 20:14:08
129,Broome,US,42.2506,-75.833,31.01,69,100,4.0,overcast clouds,2022-01-23 20:14:09
130,Rio Grande,BR,-32.035,-52.0986,87.91,87,98,14.23,light rain,2022-01-23 20:14:09
131,Thompson,CA,55.7435,-97.8558,-4.43,80,54,8.59,broken clouds,2022-01-23 20:14:09
132,Bluff,NZ,-46.6,168.3333,53.8,65,97,3.33,overcast clouds,2022-01-23 20:14:10
133,Dawson Creek,CA,55.7666,-120.2362,37.29,63,100,9.95,overcast clouds,2022-01-23 20:14:10
134,Khatanga,RU,71.9667,102.5,-21.6,100,100,2.15,overcast clouds,2022-01-23 20:14:10
135,Kushima,JP,31.4583,131.2333,56.12,92,86,10.27,overcast clouds,2022-01-23 20:14:11
136,Cidreira,BR,-30.1811,-50.2056,82.15,74,57,13.94,broken clouds,2022-01-23 20:14:11
137,Bathsheba,BB,13.2167,-59.5167,83.01,61,20,17.27,few clouds,2022-01-23 20:14:11
138,Moree,AU,-29.4667,149.85,68.02,77,52,12.66,broken clouds,2022-01-23 20:14:12
139,Myanaung,MM,18.2833,95.3167,64.26,55,0,3.44,clear sky,2022-01-23 20:15:12
140,Flinders,AU,-34.5833,150.8552,67.21,91,97,4.0,overcast clouds,2022-01-23 20:13:47
141,Yumen,CN,40.2833,97.2,18.68,53,7,2.57,clear sky,2022-01-23 20:15:13
142,Cap Malheureux,MU,-19.9842,57.6142,81.09,84,85,1.99,overcast clouds,2022-01-23 20:15:13
143,Bengkulu,ID,-3.8004,102.2655,74.97,91,65,4.03,broken clouds,2022-01-23 20:15:14
144,Hong Kong,HK,22.2855,114.1577,67.32,92,72,2.39,broken clouds,2022-01-23 20:11:41
145,Sisimiut,GL,66.9395,-53.6735,14.56,94,100,15.77,snow,2022-01-23 20:15:14
146,San Vicente,AR,-26.6167,-54.1333,88.99,43,92,6.44,overcast clouds,2022-01-23 20:15:14
147,Aklavik,CA,68.2191,-135.0107,2.23,78,75,4.61,broken clouds,2022-01-23 20:15:15
148,Pindi Gheb,PK,33.2402,72.2661,49.6,90,100,8.1,overcast clouds,2022-01-23 20:15:15
149,Pangody,RU,65.85,74.4859,-9.26,100,98,6.8,overcast clouds,2022-01-23 20:15:15
150,Nador,MA,35.174,-2.9287,57.45,72,40,8.05,scattered clouds,2022-01-23 20:15:16
151,Kahului,US,20.8947,-156.47,81.66,76,20,14.97,few clouds,2022-01-23 20:10:37
152,Lazurne,UA,46.084,32.5295,29.79,91,94,18.12,light snow,2022-01-23 20:15:16
153,Longyearbyen,SJ,78.2186,15.6401,17.44,79,20,16.11,few clouds,2022-01-23 20:15:16
154,Vostok,RU,46.4856,135.8833,-17.05,99,92,4.29,overcast clouds,2022-01-23 20:15:17
155,Clarence Town,AU,-32.5833,151.7833,68.86,94,90,1.45,overcast clouds,2022-01-23 20:15:17
156,Katherine,AU,-14.4667,132.2667,79.12,94,100,5.75,overcast clouds,2022-01-23 20:15:17
157,Sinjai,ID,-5.1241,120.253,75.97,82,100,5.48,overcast clouds,2022-01-23 20:15:17
158,Lorengau,PG,-2.0226,147.2712,82.47,78,92,10.83,heavy intensity rain,2022-01-23 20:15:18
159,Nuuk,GL,64.1835,-51.7216,23.61,58,75,10.36,light snow,2022-01-23 20:15:18
160,Geraldton,AU,-28.7667,114.6,72.01,83,0,12.66,clear sky,2022-01-23 20:15:18
161,Chokurdakh,RU,70.6333,147.9167,-22.85,100,100,6.53,overcast clouds,2022-01-23 20:15:19
162,Nipawin,CA,53.3668,-104.0009,5.04,85,100,12.66,overcast clouds,2022-01-23 20:15:19
163,Conakry,GN,9.538,-13.6773,80.78,68,44,9.71,scattered clouds,2022-01-23 20:12:06
164,Pochutla,MX,15.7432,-96.4661,90.82,42,1,9.51,clear sky,2022-01-23 20:15:19
165,Pāsighāt,IN,28.0667,95.3333,57.85,60,86,2.77,overcast clouds,2022-01-23 20:15:20
166,Tiarei,PF,-17.5333,-149.3333,84.22,78,45,15.52,scattered clouds,2022-01-23 20:15:20
167,Lompoc,US,34.6391,-120.4579,72.19,53,0,6.91,clear sky,2022-01-23 20:15:20
168,Baharly,TM,38.4362,57.4316,39.52,43,11,7.76,few clouds,2022-01-23 20:15:21
169,Hermanus,ZA,-34.4187,19.2345,68.9,92,36,6.29,scattered clouds,2022-01-23 20:15:21
170,Torbat-e Jām,IR,35.244,60.6225,34.75,50,0,2.42,clear sky,2022-01-23 20:15:22
171,Hualmay,PE,-11.0964,-77.6139,76.05,75,62,10.56,broken clouds,2022-01-23 20:15:22
172,Saint-Philippe,RE,-21.3585,55.7679,80.19,83,32,9.8,scattered clouds,2022-01-23 20:15:23
173,Puerto del Rosario,ES,28.5004,-13.8627,65.95,82,20,4.61,few clouds,2022-01-23 20:15:23
174,La Roche-sur-Yon,FR,46.6667,-1.4333,36.95,93,75,8.05,broken clouds,2022-01-23 20:15:23
175,Shelburne,CA,44.0787,-80.2041,14.56,68,100,9.06,overcast clouds,2022-01-23 20:15:24
176,Sørland,NO,67.667,12.6934,46.47,86,100,54.58,light rain,2022-01-23 20:15:24
177,Kavieng,PG,-2.5744,150.7967,81.68,73,34,4.21,light rain,2022-01-23 20:15:24
178,Port Elizabeth,ZA,-33.918,25.5701,72.1,88,0,8.05,clear sky,2022-01-23 20:15:25
179,Souillac,MU,-20.5167,57.5167,80.98,83,40,4.61,scattered clouds,2022-01-23 20:15:25
180,Chui,UY,-33.6971,-53.4616,78.42,84,94,13.13,overcast clouds,2022-01-23 20:16:25
181,Umba,RU,66.6871,34.3429,32.25,95,100,14.56,overcast clouds,2022-01-23 20:16:26
182,Tegul'det,RU,57.3064,88.1667,-5.39,100,99,1.54,overcast clouds,2022-01-23 20:16:26
183,Masuri,KR,35.8488,128.1492,38.7,90,91,3.2,overcast clouds,2022-01-23 20:16:26
184,Ambovombe,MG,-25.1667,46.0833,74.19,87,100,21.72,light rain,2022-01-23 20:16:27
185,Keokuk,US,40.3973,-91.3849,24.22,68,0,10.36,clear sky,2022-01-23 20:11:40
186,Aksarka,RU,66.5606,67.7975,1.49,97,70,10.58,broken clouds,2022-01-23 20:16:27
187,Gazli,UZ,40.1333,63.45,33.21,70,0,9.8,clear sky,2022-01-23 20:16:28
188,Ko Samui,TH,9.5357,99.9357,80.33,73,47,8.16,scattered clouds,2022-01-23 20:16:28
189,Thongwa,MM,16.7619,96.5278,73.56,65,8,4.65,clear sky,2022-01-23 20:16:28
190,Mount Gambier,AU,-37.8333,140.7667,69.49,40,58,4.81,broken clouds,2022-01-23 20:16:29
191,Camacha,PT,33.0833,-16.3333,61.56,72,40,5.75,scattered clouds,2022-01-23 20:16:29
192,Salalah,OM,17.0151,54.0924,71.69,18,0,11.5,clear sky,2022-01-23 20:16:29
193,Chinsali,ZM,-10.5414,32.0816,60.35,96,58,3.85,broken clouds,2022-01-23 20:16:30
194,Cherskiy,RU,68.75,161.3,-32.19,96,100,4.16,overcast clouds,2022-01-23 20:16:30
195,Morondava,MG,-20.2833,44.2833,85.5,59,98,16.6,overcast clouds,2022-01-23 20:16:30
196,Bandarbeyla,SO,9.4942,50.8122,75.11,70,1,18.23,clear sky,2022-01-23 20:16:31
197,Horní Planá,CZ,48.7674,14.0326,32.67,99,100,2.3,overcast clouds,2022-01-23 20:16:31
198,Jurm,AF,36.8648,70.8342,17.51,73,56,4.68,broken clouds,2022-01-23 20:16:31
199,Panjāb,AF,34.388,67.0233,-14.22,83,15,5.39,few clouds,2022-01-23 20:16:31
200,Inuvik,CA,68.3499,-133.7218,2.26,82,75,2.3,broken clouds,2022-01-23 20:16:32
201,Tyup,KG,42.7276,78.3648,18.25,74,100,5.26,overcast clouds,2022-01-23 20:16:32
202,Payakumbuh,ID,-0.2202,100.6308,70.25,98,100,2.3,overcast clouds,2022-01-23 20:16:32
203,San Andrés,CO,12.5847,-81.7006,84.22,70,40,11.5,scattered clouds,2022-01-23 20:16:26
204,Karpogory,RU,64.0019,44.4451,11.07,91,100,8.68,overcast clouds,2022-01-23 20:16:33
205,Itaituba,BR,-4.2761,-55.9836,80.76,78,75,0.0,broken clouds,2022-01-23 20:16:33
206,São João da Barra,BR,-21.6403,-41.0511,84.29,77,2,12.24,clear sky,2022-01-23 20:16:33
207,Pisco,PE,-13.7,-76.2167,78.85,65,0,6.91,clear sky,2022-01-23 20:14:38
208,Clyde River,CA,70.4692,-68.5914,-14.22,98,100,10.6,light snow,2022-01-23 20:12:00
209,Los Llanos de Aridane,ES,28.6585,-17.9182,64.15,96,75,1.01,broken clouds,2022-01-23 20:16:34
210,Uyovu,TZ,-3.2833,31.5258,64.51,93,99,1.03,light rain,2022-01-23 20:16:34
211,Lisala,CD,2.15,21.5167,78.58,41,100,0.98,overcast clouds,2022-01-23 20:16:34
212,Wenzhou,CN,27.9994,120.6668,55.72,91,100,2.28,overcast clouds,2022-01-23 20:16:35
213,Guerrero,MX,17.6667,-100.0,81.19,37,75,5.08,broken clouds,2022-01-23 20:16:35
214,Huarmey,PE,-10.0681,-78.1522,76.53,75,51,11.59,broken clouds,2022-01-23 20:16:35
215,Kommunisticheskiy,RU,61.6789,64.4819,1.0,100,97,3.38,overcast clouds,2022-01-23 20:16:36
216,Chimichagua,CO,9.2578,-73.8123,98.01,31,54,5.57,broken clouds,2022-01-23 20:16:36
217,Masuguru,TZ,-11.3667,38.4167,75.42,83,100,2.59,overcast clouds,2022-01-23 20:16:36
218,Doha,QA,25.2867,51.5333,60.78,44,0,4.61,clear sky,2022-01-23 20:11:41
219,Kropotkin,RU,45.4375,40.5756,30.06,98,89,9.33,light snow,2022-01-23 20:12:04
220,Tessaoua,NE,13.7574,7.9874,65.77,14,3,12.06,clear sky,2022-01-23 20:16:37
221,Leh,IN,34.1667,77.5833,8.37,97,100,1.54,overcast clouds,2022-01-23 20:16:37
222,Qaanaaq,GL,77.484,-69.3632,-5.44,74,100,4.41,overcast clouds,2022-01-23 20:16:38
223,Bohdan,UA,48.0412,24.3522,9.88,95,54,5.73,broken clouds,2022-01-23 20:16:38
224,Talnakh,RU,69.4865,88.3972,-2.2,99,100,4.88,overcast clouds,2022-01-23 20:16:38
225,Khovd,MN,48.0056,91.6419,-2.69,74,3,5.68,clear sky,2022-01-23 20:16:39
226,Hamilton,US,39.1834,-84.5333,37.99,71,100,1.01,overcast clouds,2022-01-23 20:15:32
227,Taltal,CL,-25.4,-70.4833,68.36,68,85,6.44,overcast clouds,2022-01-23 20:16:39
228,Rasht,IR,37.2808,49.5832,40.82,65,0,6.91,clear sky,2022-01-23 20:17:39
229,Kirkenes,NO,69.7271,30.0458,39.42,80,100,21.85,overcast clouds,2022-01-23 20:17:40
230,Greater Sudbury,CA,46.49,-80.99,5.05,61,45,5.14,scattered clouds,2022-01-23 20:15:22
231,Viesca,MX,25.35,-102.8,65.35,28,72,0.85,broken clouds,2022-01-23 20:17:40
232,Korla,CN,41.7597,86.1469,24.21,56,100,1.05,overcast clouds,2022-01-23 20:17:41
233,Maghār,IL,32.8898,35.407,46.33,89,100,2.3,overcast clouds,2022-01-23 20:17:41
234,Koumac,NC,-20.5667,164.2833,79.05,73,77,6.71,broken clouds,2022-01-23 20:17:41
235,San Juan,AR,-31.5375,-68.5364,94.48,23,3,12.59,clear sky,2022-01-23 20:13:00
236,Marawi,PH,7.9986,124.2928,67.64,97,100,2.93,overcast clouds,2022-01-23 20:17:42
237,Alenquer,BR,-1.9417,-54.7383,84.54,70,98,4.63,overcast clouds,2022-01-23 20:15:52
238,Whitehorse,CA,60.7161,-135.0538,32.77,74,75,4.61,broken clouds,2022-01-23 20:17:42
239,Cabedelo,BR,-6.9811,-34.8339,83.07,61,41,8.7,scattered clouds,2022-01-23 20:17:43
240,Balakhninskiy,RU,58.0106,114.2769,-24.27,100,81,2.55,broken clouds,2022-01-23 20:17:43
241,Hasaki,JP,35.7333,140.8333,37.8,80,100,9.6,light rain,2022-01-23 20:17:43
242,Kalaīkunda,IN,22.35,87.25,62.53,90,11,5.53,few clouds,2022-01-23 20:17:44
243,Dingle,PH,10.9995,122.6711,73.94,94,85,6.6,overcast clouds,2022-01-23 20:17:44
244,Sorong,ID,-0.8833,131.25,78.76,85,100,5.68,overcast clouds,2022-01-23 20:17:44
245,Okhotsk,RU,59.3833,143.3,-13.34,81,5,13.6,clear sky,2022-01-23 20:17:45
246,Laas,IT,46.6166,10.7002,38.28,63,4,6.02,clear sky,2022-01-23 20:17:45
247,Zyryanka,RU,65.75,150.85,-27.11,98,100,3.89,overcast clouds,2022-01-23 20:17:45
248,Vila do Maio,CV,15.1333,-23.2167,75.99,76,100,18.43,overcast clouds,2022-01-23 20:17:46
249,San Patricio,US,28.017,-97.5169,59.09,42,100,3.76,overcast clouds,2022-01-23 20:17:46
250,Santa Maria da Vitória,BR,-13.3947,-44.1886,80.51,73,95,4.5,overcast clouds,2022-01-23 20:17:46
251,Houlton,US,46.1262,-67.8403,25.21,52,100,8.05,overcast clouds,2022-01-23 20:17:47
252,Kenora,CA,49.8167,-94.4337,-6.63,77,75,9.22,broken clouds,2022-01-23 20:17:47
253,Caravelas,BR,-17.7125,-39.2481,80.46,66,53,6.96,broken clouds,2022-01-23 20:17:47
254,Forsytheganj,BY,52.6333,29.7333,10.38,97,60,5.01,broken clouds,2022-01-23 20:17:48
255,Kununurra,AU,-15.7667,128.7333,78.78,94,100,0.0,overcast clouds,2022-01-23 20:17:48
256,Pokhara,NP,28.2333,83.9833,50.72,54,91,4.61,overcast clouds,2022-01-23 20:15:02
257,Skegness,GB,53.1436,0.3363,40.57,80,100,9.1,overcast clouds,2022-01-23 20:17:48
258,Hässleholm,SE,56.1591,13.7664,43.45,97,30,6.4,scattered clouds,2022-01-23 20:17:49
259,Umm Kaddadah,SD,13.6017,26.6876,63.52,16,6,14.56,clear sky,2022-01-23 20:17:49
260,Dajabón,DO,19.5488,-71.7083,87.26,49,3,12.55,clear sky,2022-01-23 20:17:49
261,Tezu,IN,27.9167,96.1667,56.61,53,77,3.65,broken clouds,2022-01-23 20:17:50
262,Bristol,US,41.8334,-71.1662,36.36,47,0,1.99,clear sky,2022-01-23 20:17:08
263,Orlik,RU,52.5178,99.825,-1.64,95,100,2.44,overcast clouds,2022-01-23 20:17:50
264,Bilibino,RU,68.0546,166.4372,-27.81,96,100,4.34,overcast clouds,2022-01-23 20:17:50
265,Kenai,US,60.5544,-151.2583,35.1,96,100,5.75,overcast clouds,2022-01-23 20:17:51
266,Canutama,BR,-6.5339,-64.3831,85.48,67,83,2.68,broken clouds,2022-01-23 20:17:51
267,Karratha,AU,-20.7377,116.8463,82.24,74,97,12.33,light rain,2022-01-23 20:17:51
268,Bilma,NE,18.6853,12.9164,61.32,18,52,11.25,broken clouds,2022-01-23 20:17:52
269,Loandjili,CG,-4.7561,11.8578,77.29,87,9,6.06,clear sky,2022-01-23 20:17:52
270,Bambous Virieux,MU,-20.3428,57.7575,80.85,83,40,4.61,scattered clouds,2022-01-23 20:17:52
271,Mogadishu,SO,2.0371,45.3438,77.94,79,97,23.96,overcast clouds,2022-01-23 20:13:13
272,San Cristobal,VE,7.7669,-72.225,77.18,44,87,4.29,overcast clouds,2022-01-23 20:17:53
273,Lavrentiya,RU,65.5833,-171.0,-3.64,100,100,5.88,overcast clouds,2022-01-23 20:18:53
274,Yeppoon,AU,-23.1333,150.7333,71.38,69,94,7.72,overcast clouds,2022-01-23 20:16:37
275,Sinjhoro,PK,26.0303,68.809,50.07,30,0,0.63,clear sky,2022-01-23 20:18:53
276,Maralal,KE,1.0968,36.698,59.36,68,11,4.41,few clouds,2022-01-23 20:18:54
277,Gushikawa,JP,26.3544,127.8686,70.83,97,75,8.05,broken clouds,2022-01-23 20:18:54
278,Khvorostyanka,RU,52.6096,48.9597,12.34,89,100,5.86,overcast clouds,2022-01-23 20:18:54
279,Nago,JP,26.5881,127.9761,71.67,89,68,11.56,broken clouds,2022-01-23 20:18:55
280,Catuday,PH,16.2923,119.8062,77.34,80,8,11.12,clear sky,2022-01-23 20:18:55
281,Westport,US,41.1415,-73.3579,37.74,52,0,8.99,clear sky,2022-01-23 20:16:04
282,Powell River,CA,49.8496,-124.5361,37.4,100,100,2.3,fog,2022-01-23 20:15:21
283,Oussouye,SN,12.485,-16.5469,78.98,62,27,5.46,scattered clouds,2022-01-23 20:18:56
284,Bariloche,AR,-41.1456,-71.3082,62.35,55,40,24.16,scattered clouds,2022-01-23 20:18:56
285,Kupang,ID,-10.1667,123.5833,79.05,84,99,10.49,overcast clouds,2022-01-23 20:18:56
286,Broken Hill,AU,-31.95,141.4333,74.07,49,100,6.08,overcast clouds,2022-01-23 20:18:56
287,Husavik,IS,66.0449,-17.3389,28.31,64,51,27.34,broken clouds,2022-01-23 20:18:57
288,Santa Isabel,BR,-23.3156,-46.2214,82.11,72,69,4.38,broken clouds,2022-01-23 20:18:57
289,Basoko,CD,1.2391,23.616,79.34,60,100,2.77,overcast clouds,2022-01-23 20:18:57
290,Svetlaya,RU,46.5389,138.3297,4.89,78,1,8.34,clear sky,2022-01-23 20:18:58
291,Mount Isa,AU,-20.7333,139.5,74.97,100,40,1.14,scattered clouds,2022-01-23 20:18:58
292,Champerico,GT,14.3,-91.9167,95.76,60,2,11.01,clear sky,2022-01-23 20:18:58
293,Pevek,RU,69.7008,170.3133,-12.93,96,100,18.9,overcast clouds,2022-01-23 20:18:59
294,Santa Cruz de la Sierra,BO,-17.8,-63.1667,87.85,58,75,19.57,broken clouds,2022-01-23 20:18:59
295,Linjiang,CN,41.8069,126.9078,1.62,96,20,2.68,few clouds,2022-01-23 20:18:59
296,Forestville,US,38.8451,-76.875,40.24,42,40,11.5,scattered clouds,2022-01-23 20:19:00
297,Sitka,US,57.0531,-135.33,39.09,93,100,3.44,overcast clouds,2022-01-23 20:19:00
298,Guangming,CN,45.3333,122.7833,-5.46,100,100,3.56,overcast clouds,2022-01-23 20:19:00
299,Praia,CV,14.9215,-23.5087,75.74,57,100,17.27,overcast clouds,2022-01-23 20:15:11
300,Tubmanburg,LR,6.8708,-10.8172,76.3,82,0,3.89,clear sky,2022-01-23 20:19:01
301,Ciudad Real,ES,39.0,-4.0,43.14,81,0,1.01,clear sky,2022-01-23 20:19:01
302,Biri,PH,12.6833,124.3636,78.46,87,83,12.33,broken clouds,2022-01-23 20:19:01
303,Turukhansk,RU,65.8167,87.9833,1.11,99,100,3.6,overcast clouds,2022-01-23 20:19:02
304,Severo-Kuril'sk,RU,50.6789,156.125,25.25,72,100,12.08,overcast clouds,2022-01-23 20:19:02
305,Port Moresby,PG,-9.4431,147.1797,72.82,100,75,4.61,haze,2022-01-23 20:19:02
306,Caxito,AO,-8.5785,13.6643,77.65,83,16,2.17,few clouds,2022-01-23 20:19:03
307,Bahía Honda,CU,22.9036,-83.1592,70.92,80,95,13.98,overcast clouds,2022-01-23 20:19:03
308,Alice Springs,AU,-23.7,133.8833,74.75,94,81,0.0,broken clouds,2022-01-23 20:19:03
309,Pensacola,US,30.4213,-87.2169,55.38,35,0,1.99,clear sky,2022-01-23 20:15:45
310,Yuancheng,CN,36.652,107.7896,29.21,96,100,1.45,overcast clouds,2022-01-23 20:19:04
311,Camalú,MX,30.85,-116.0667,70.43,36,0,6.15,clear sky,2022-01-23 20:19:04
312,Baykit,RU,61.67,96.37,-2.74,100,96,1.01,overcast clouds,2022-01-23 20:19:04
313,Vanavara,RU,60.34,102.2797,-7.73,100,100,2.06,overcast clouds,2022-01-23 20:19:05
314,Jaltenango,MX,15.8719,-92.7247,82.65,46,21,4.54,few clouds,2022-01-23 20:19:05
315,Elizabeth City,US,36.2946,-76.2511,45.01,67,0,4.0,clear sky,2022-01-23 20:19:05
316,Laguna,US,38.421,-121.4238,67.01,66,0,1.99,haze,2022-01-23 20:19:06
317,Şile,TR,41.1754,29.6133,30.87,68,99,9.31,light snow,2022-01-23 20:19:06
318,Mocuba,MZ,-16.8392,36.9856,72.95,98,100,8.93,moderate rain,2022-01-23 20:19:06
319,Pryazha,RU,61.6926,33.6216,20.43,94,97,10.25,overcast clouds,2022-01-23 20:19:07
320,Khani,GE,41.9563,42.9566,42.37,71,99,11.41,overcast clouds,2022-01-23 20:19:07
321,Boda,CF,4.3189,17.4695,78.73,22,100,4.23,overcast clouds,2022-01-23 20:19:07
322,Lincoln,US,40.8,-96.667,34.18,59,100,5.01,overcast clouds,2022-01-23 20:17:41
323,Isla Mujeres,MX,21.2311,-86.731,77.16,81,26,14.65,scattered clouds,2022-01-23 20:18:22
324,Chacabuco,AR,-34.6417,-60.4739,81.81,48,97,6.31,overcast clouds,2022-01-23 20:20:08
325,Narsaq,GL,60.9167,-46.05,21.42,72,100,10.56,overcast clouds,2022-01-23 20:20:08
326,Xining,CN,36.6167,101.7667,19.11,65,3,0.65,clear sky,2022-01-23 20:19:34
327,Maţāy,EG,28.419,30.7792,53.69,59,35,9.46,scattered clouds,2022-01-23 20:20:09
328,Severnyy,RU,50.677,36.5532,17.64,93,75,11.18,mist,2022-01-23 20:20:09
329,Zhenlai,CN,45.8495,123.2973,-5.96,100,100,4.45,overcast clouds,2022-01-23 20:20:10
330,Shingū,JP,33.7333,135.9833,47.8,92,100,5.37,light rain,2022-01-23 20:20:10
331,Plastun,RU,44.7561,136.2939,3.18,80,0,9.46,clear sky,2022-01-23 20:20:10
332,Barra do Garças,BR,-15.89,-52.2567,91.98,62,40,0.0,scattered clouds,2022-01-23 20:18:05
333,Chabahar,IR,25.2919,60.643,64.85,37,0,6.69,clear sky,2022-01-23 20:20:11
334,Saint-Augustin,CA,51.226,-58.6502,9.32,99,96,3.74,overcast clouds,2022-01-23 20:20:11
335,Carballo,ES,43.213,-8.691,48.67,92,0,3.0,clear sky,2022-01-23 20:20:11
336,Rumuruti,KE,0.267,36.5389,59.16,72,23,5.66,few clouds,2022-01-23 20:20:12
337,Arrondissement du Havre,FR,49.5833,0.3333,37.44,87,100,9.22,overcast clouds,2022-01-23 20:20:12
338,Prince Rupert,CA,54.3161,-130.3201,42.89,92,100,3.44,overcast clouds,2022-01-23 20:20:12
339,Morant Bay,JM,17.8815,-76.4093,82.02,71,11,7.58,few clouds,2022-01-23 20:20:13
340,Malakal,SS,9.5334,31.6605,79.56,23,0,5.75,clear sky,2022-01-23 20:18:04
341,Yar-Sale,RU,66.8333,70.8333,2.23,98,86,9.84,overcast clouds,2022-01-23 20:17:56
342,Kralendijk,BQ,12.15,-68.2667,84.18,58,20,13.8,few clouds,2022-01-23 20:20:13
343,Meadow Lake,US,34.8014,-106.5436,53.33,33,15,2.64,few clouds,2022-01-23 20:15:22
344,Kaeo,NZ,-35.1,173.7833,69.33,96,100,11.23,light rain,2022-01-23 20:20:14
345,Acarí,PE,-15.4311,-74.6158,80.29,66,74,11.01,broken clouds,2022-01-23 20:20:14
346,Vaitape,PF,-16.5167,-151.75,81.41,72,96,18.01,overcast clouds,2022-01-23 20:20:14
347,Ca Mau,VN,9.1769,105.15,72.7,90,0,1.66,clear sky,2022-01-23 20:20:15
348,Inongo,CD,-1.95,18.2667,77.25,73,100,3.27,overcast clouds,2022-01-23 20:20:15
349,Hailey,US,43.5196,-114.3153,12.06,92,0,5.75,clear sky,2022-01-23 20:20:15
350,Jiwani,PK,25.05,61.7417,64.09,39,0,7.23,clear sky,2022-01-23 20:20:16
351,Brae,GB,60.3964,-1.353,48.11,87,100,34.31,overcast clouds,2022-01-23 20:20:16
352,Sandy Bay,AU,-42.913,147.3532,61.3,90,0,5.75,clear sky,2022-01-23 20:20:17
353,Awjilah,LY,29.1081,21.2869,52.21,61,15,6.93,few clouds,2022-01-23 20:20:17
354,Campo Grande,BR,-20.4428,-54.6464,90.95,46,40,6.91,scattered clouds,2022-01-23 20:20:17
355,Spearfish,US,44.4908,-103.8594,54.88,33,75,10.0,broken clouds,2022-01-23 20:15:42
356,Aitape,PG,-3.1374,142.3475,76.89,89,100,3.83,overcast clouds,2022-01-23 20:20:18
357,Uttaradit,TH,17.6667,100.5,64.24,54,7,3.38,clear sky,2022-01-23 20:20:18
358,Anadyr,RU,64.75,177.4833,-24.52,74,75,8.95,broken clouds,2022-01-23 20:20:18
359,Tessalit,ML,20.1986,1.0114,64.0,11,0,9.78,clear sky,2022-01-23 20:20:19
360,Guerrero Negro,MX,27.9769,-114.0611,65.89,42,56,5.68,broken clouds,2022-01-23 20:20:19
361,Olenegorsk,RU,68.15,33.3,30.34,97,100,15.43,overcast clouds,2022-01-23 20:20:20
362,Grand-Santi,GF,4.25,-54.3833,77.79,96,77,3.15,broken clouds,2022-01-23 20:20:20
363,Nicolás Bravo,MX,18.45,-88.9167,79.68,74,51,4.94,broken clouds,2022-01-23 20:20:20
364,Touros,BR,-5.1989,-35.4608,85.1,69,6,10.51,clear sky,2022-01-23 20:18:52
365,Matagami,CA,49.7502,-77.6328,-7.49,59,40,9.22,scattered clouds,2022-01-23 20:20:21
366,Promyshlennyy,RU,67.5833,63.9167,1.47,95,39,11.18,scattered clouds,2022-01-23 20:20:21
367,Prachuap Khiri Khan,TH,12.2167,99.75,75.69,87,8,3.36,clear sky,2022-01-23 20:20:21
368,Anloga,GH,5.7947,0.8973,80.96,74,5,9.64,clear sky,2022-01-23 20:21:22
369,Fomboni,KM,-12.28,43.7425,82.62,72,100,24.32,light rain,2022-01-23 20:21:22
370,Hobyo,SO,5.3505,48.5268,77.36,69,100,20.96,overcast clouds,2022-01-23 20:21:22
371,Tuatapere,NZ,-46.1333,167.6833,54.82,71,100,2.33,overcast clouds,2022-01-23 20:21:23
372,Rome,US,43.2128,-75.4557,28.44,86,100,6.91,mist,2022-01-23 20:18:59
373,Norman Wells,CA,65.282,-126.8329,3.24,72,75,14.97,broken clouds,2022-01-23 20:21:23
374,Kysyl-Syr,RU,63.8986,122.7617,-13.54,100,90,5.01,overcast clouds,2022-01-23 20:21:23
375,Mercedes,AR,-34.6515,-59.4307,84.51,52,100,2.73,overcast clouds,2022-01-23 20:21:24
376,College,US,64.8569,-147.8028,14.29,84,75,5.75,broken clouds,2022-01-23 20:19:13
377,Yeniseysk,RU,58.4497,92.1703,-15.0,100,95,1.45,overcast clouds,2022-01-23 20:21:24
378,Koundara,GN,12.4833,-13.3,82.36,12,3,5.46,clear sky,2022-01-23 20:21:24
379,Constitución,CL,-35.3333,-72.4167,68.41,61,0,21.61,clear sky,2022-01-23 20:21:25
380,Mazamari,PE,-11.3258,-74.5308,79.54,82,50,1.68,scattered clouds,2022-01-23 20:21:25
381,Witu,KE,-2.3889,40.4382,80.76,81,21,9.44,few clouds,2022-01-23 20:21:25
382,Boralday,KZ,43.3578,76.8594,28.26,86,100,2.24,mist,2022-01-23 20:21:26
383,Marystown,CA,47.1666,-55.1483,29.86,100,89,5.01,overcast clouds,2022-01-23 20:21:26
384,Kasongo,CD,-4.45,26.6667,68.61,94,100,2.75,overcast clouds,2022-01-23 20:21:26
385,Half Moon Bay,US,37.4636,-122.4286,66.31,53,0,1.99,clear sky,2022-01-23 20:21:27
386,Ahipara,NZ,-35.1667,173.1667,69.4,86,100,10.87,light rain,2022-01-23 20:21:27
387,Novikovo,RU,51.1537,37.8879,19.27,92,100,13.47,overcast clouds,2022-01-23 20:21:27
388,Abong Mbang,CM,3.9833,13.1833,70.25,33,78,2.48,broken clouds,2022-01-23 20:21:28
389,Kirkland Lake,CA,48.1446,-80.0377,-0.11,60,100,7.16,overcast clouds,2022-01-23 20:21:28
390,Namatanai,PG,-3.6667,152.4333,79.0,83,92,2.64,overcast clouds,2022-01-23 20:21:28
391,West Wendover,US,40.7391,-114.0733,37.13,53,4,0.85,clear sky,2022-01-23 20:21:29
392,Tynda,RU,55.1667,124.7167,-19.44,99,7,3.53,clear sky,2022-01-23 20:21:29
393,Mayo,US,38.8876,-76.5119,40.37,55,40,15.99,scattered clouds,2022-01-23 20:21:29
394,Padang,ID,-0.9492,100.3543,76.41,87,100,4.16,overcast clouds,2022-01-23 20:21:29
395,Avera,US,33.194,-82.5271,56.08,27,0,12.97,clear sky,2022-01-23 20:21:30
396,Poum,NC,-20.2333,164.0167,80.38,69,94,11.27,overcast clouds,2022-01-23 20:21:30
397,Jalu,LY,29.0331,21.5482,52.18,60,11,7.49,few clouds,2022-01-23 20:21:31
398,La Peca,PE,-5.6111,-78.435,86.5,46,71,3.47,light rain,2022-01-23 20:17:16
399,Vila Velha,BR,-20.3297,-40.2925,84.15,65,20,12.66,few clouds,2022-01-23 20:21:31
400,North Platte,US,41.1239,-100.7654,54.99,35,100,5.01,overcast clouds,2022-01-23 20:20:28
401,Kamenka,RU,51.3223,42.7678,22.8,96,100,12.44,light snow,2022-01-23 20:21:31
402,Zahnitkiv,UA,48.0446,28.8958,23.07,87,87,13.0,overcast clouds,2022-01-23 20:21:32
403,Thessalon,CA,46.2501,-83.5666,16.56,84,35,3.58,scattered clouds,2022-01-23 20:21:32
404,Naze,JP,28.3667,129.4833,64.2,87,92,9.57,overcast clouds,2022-01-23 20:21:32
405,Chernyshevskiy,RU,63.0128,112.4714,-7.89,100,73,3.2,broken clouds,2022-01-23 20:21:33
406,Kokkola,FI,63.8385,23.1307,38.03,86,0,5.99,clear sky,2022-01-23 20:21:33
407,Héricourt,FR,47.5731,6.7614,35.37,94,6,7.2,clear sky,2022-01-23 20:21:33
408,Ilhabela,BR,-23.7781,-45.3581,79.99,87,47,5.66,scattered clouds,2022-01-23 20:19:06
409,Saýat,TM,38.7839,63.8803,31.87,58,0,8.46,clear sky,2022-01-23 20:21:34
410,Havelock,US,34.8791,-76.9013,46.63,73,0,3.0,clear sky,2022-01-23 20:21:34
411,Baní,DO,18.2833,-70.3333,85.44,63,1,11.43,clear sky,2022-01-23 20:21:34
412,Zhengjiatun,CN,43.5064,123.5064,0.91,89,100,5.7,overcast clouds,2022-01-23 20:21:35
413,Inhambane,MZ,-23.865,35.3833,76.77,87,98,18.54,light rain,2022-01-23 20:21:35
414,Sur,OM,22.5667,59.5289,67.82,58,0,12.39,clear sky,2022-01-23 20:21:35
415,Igrim,RU,63.1906,64.4162,-5.46,100,96,3.42,overcast clouds,2022-01-23 20:21:36
416,Örnsköldsvik,SE,63.2909,18.7153,29.35,100,16,3.44,few clouds,2022-01-23 20:22:36
417,Simpang,ID,-1.2667,104.0833,73.76,90,99,0.96,overcast clouds,2022-01-23 20:22:36
418,Santa Isabel Rio Negro,BR,-0.4139,-65.0192,86.32,67,23,4.32,few clouds,2022-01-23 20:22:36
419,Tamandaré,BR,-8.7597,-35.1047,82.49,65,32,10.27,scattered clouds,2022-01-23 20:22:37
420,Ugoofaaru,MV,5.6667,73.0,81.37,61,100,10.22,overcast clouds,2022-01-23 20:22:37
421,Fortuna,US,40.5982,-124.1573,69.93,50,0,4.0,clear sky,2022-01-23 20:22:37
422,Oranjemund,NA,-28.55,16.4333,73.45,69,86,14.38,overcast clouds,2022-01-23 20:22:38
423,Srednekolymsk,RU,67.45,153.6833,-30.93,98,100,6.78,overcast clouds,2022-01-23 20:22:38
424,Karīmganj,IN,24.8667,92.35,64.31,58,99,2.44,overcast clouds,2022-01-23 20:22:39
425,Irtyshskiy,RU,58.3333,68.1333,2.35,97,91,5.03,overcast clouds,2022-01-23 20:22:39
426,Kankan,GN,10.3854,-9.3057,77.5,14,5,5.64,clear sky,2022-01-23 20:22:39
427,Ribeira Brava,PT,32.65,-17.0667,66.7,80,100,6.13,overcast clouds,2022-01-23 20:22:40
428,Mahébourg,MU,-20.4081,57.7,80.89,83,40,4.61,scattered clouds,2022-01-23 20:22:40
429,Hirara,JP,24.8,125.2833,71.22,80,73,17.22,broken clouds,2022-01-23 20:22:40
430,Scicli,IT,36.7902,14.7014,44.58,69,0,8.77,clear sky,2022-01-23 20:22:41
431,Cândido Mendes,BR,-1.4467,-45.7167,78.84,92,64,5.06,broken clouds,2022-01-23 20:22:41
432,Leningradskiy,RU,69.3833,178.4167,-16.44,93,100,6.85,overcast clouds,2022-01-23 20:22:41
433,Wajir,KE,1.7471,40.0573,87.94,25,100,11.01,overcast clouds,2022-01-23 20:22:42
434,Aksu,CN,41.1231,80.2644,25.27,55,100,2.91,overcast clouds,2022-01-23 20:22:42
435,Moshenskoye,RU,58.5102,34.5911,3.22,99,99,4.88,overcast clouds,2022-01-23 20:20:14
436,Madarounfa,NE,13.3087,7.156,67.93,13,0,10.87,clear sky,2022-01-23 20:22:42
437,Pitimbu,BR,-7.4706,-34.8086,82.99,64,50,8.95,scattered clouds,2022-01-23 20:22:43
438,Opuwo,NA,-18.0607,13.84,77.31,34,92,7.83,overcast clouds,2022-01-23 20:22:43
439,Domingos Martins,BR,-20.3633,-40.6592,77.81,78,81,4.68,broken clouds,2022-01-23 20:22:43
440,Adrar,MR,20.5022,-10.0711,70.88,17,1,11.92,clear sky,2022-01-23 20:22:44
441,Baiyin,CN,36.5583,104.2081,13.08,59,20,4.81,few clouds,2022-01-23 20:22:44
442,Innisfail,AU,-17.5333,146.0333,75.51,82,100,1.01,overcast clouds,2022-01-23 20:22:44
443,Bereda,ES,43.2686,-7.5406,39.58,91,0,1.19,clear sky,2022-01-23 20:22:45
444,Lebedinyy,RU,58.5167,125.5167,-6.43,98,100,5.95,overcast clouds,2022-01-23 20:22:45
445,Olafsvik,IS,64.8945,-23.7142,27.81,58,100,22.03,overcast clouds,2022-01-23 20:22:46
446,Lampa,CL,-33.2833,-70.9,89.08,19,0,16.11,clear sky,2022-01-23 20:22:46
447,Shakawe,BW,-18.3667,21.85,66.85,64,40,6.08,scattered clouds,2022-01-23 20:22:46
448,Sekoma,BW,-24.4,23.8833,66.49,55,46,6.15,scattered clouds,2022-01-23 20:22:47
449,Morro Bay,US,35.3658,-120.8499,73.26,43,0,1.99,clear sky,2022-01-23 20:22:47
450,Ribeira Grande,PT,38.5167,-28.7,57.6,72,20,9.22,few clouds,2022-01-23 20:22:47
451,Yushu,CN,44.8,126.5333,-7.1,99,39,1.97,scattered clouds,2022-01-23 20:22:48
452,Zhangye,CN,38.9342,100.4517,19.56,59,0,1.79,clear sky,2022-01-23 20:22:48
453,Careiro da Várzea,BR,-3.2003,-59.8119,86.63,78,87,1.12,light rain,2022-01-23 20:22:48
454,Sarh,TD,9.1429,18.3923,73.31,40,0,0.0,clear sky,2022-01-23 20:22:48
455,La Libertad,EC,-2.2333,-80.9,83.86,70,0,9.22,clear sky,2022-01-23 20:22:49
456,Port Keats,AU,-14.25,129.55,80.17,88,80,7.31,moderate rain,2022-01-23 20:22:49
457,Beïnamar,TD,8.6698,15.3813,75.69,17,11,4.92,few clouds,2022-01-23 20:22:50
458,Mookane,BW,-23.688,26.6595,70.09,47,6,5.91,clear sky,2022-01-23 20:22:50
459,Pasłęk,PL,54.0616,19.6593,35.53,90,24,6.55,few clouds,2022-01-23 20:22:50
460,Guánica,PR,17.9716,-66.908,84.61,68,2,7.0,clear sky,2022-01-23 20:22:51
461,Zverinogolovskoye,RU,54.4586,64.8542,-12.03,98,27,3.53,scattered clouds,2022-01-23 20:22:51
462,Ixtapa,MX,20.7,-105.2,79.83,61,40,12.66,scattered clouds,2022-01-23 20:22:51
463,Sinnamary,GF,5.3833,-52.95,78.44,84,28,9.44,scattered clouds,2022-01-23 20:23:51
464,Tura,IN,25.5198,90.2201,55.87,74,48,4.68,scattered clouds,2022-01-23 20:23:52
465,Sorgues,FR,44.0102,4.8738,39.45,78,0,1.14,clear sky,2022-01-23 20:23:52
466,Jiayuguan City,CN,39.8167,98.3,18.93,56,39,1.54,scattered clouds,2022-01-23 20:23:52
467,Lucapa,AO,-8.4192,20.7447,64.81,95,14,1.95,few clouds,2022-01-23 20:23:53
468,Takoradze,GH,4.8845,-1.7554,79.47,83,5,7.34,clear sky,2022-01-23 20:23:53
469,Berlevåg,NO,70.8578,29.0864,39.2,81,0,31.07,clear sky,2022-01-23 20:23:53
470,Bom Jardim,BR,-7.7958,-35.5872,86.34,46,79,12.01,broken clouds,2022-01-23 20:23:54
471,Al Bardīyah,LY,31.7561,25.0865,50.4,54,48,14.05,scattered clouds,2022-01-23 20:23:54
472,Tilichiki,RU,60.4667,166.1,-20.63,86,70,7.23,broken clouds,2022-01-23 20:23:54
473,Belmonte,BR,-15.8631,-38.8828,82.9,66,79,7.07,broken clouds,2022-01-23 20:23:55
474,Copiapó,CL,-27.3667,-70.3333,69.49,31,92,11.16,overcast clouds,2022-01-23 20:23:55
475,Tual,ID,-5.6667,132.75,82.83,77,100,13.11,light rain,2022-01-23 20:23:55
476,Ilulissat,GL,69.2167,-51.1,12.22,62,75,11.5,broken clouds,2022-01-23 20:23:56
477,Mundo Nuevo (Ojo de Agua),MX,18.7,-95.5,69.35,83,85,12.73,overcast clouds,2022-01-23 20:23:56
478,Muisne,EC,0.6,-80.0333,78.91,82,53,9.86,light rain,2022-01-23 20:23:56
479,Wangkui,CN,46.8333,126.5,-17.3,100,20,2.28,few clouds,2022-01-23 20:23:56
480,Yertsevo,RU,60.7966,40.086,7.09,95,97,7.07,overcast clouds,2022-01-23 20:19:11
481,Mānsa,IN,29.9833,75.3833,52.07,84,98,3.38,overcast clouds,2022-01-23 20:23:57
482,Mitha Tiwana,PK,32.2486,72.1108,50.49,84,49,4.16,scattered clouds,2022-01-23 20:23:57
483,Port Lincoln,AU,-34.7333,135.8667,67.55,97,54,7.2,broken clouds,2022-01-23 20:23:57
484,Vallenar,CL,-28.5708,-70.7581,82.69,34,100,9.86,overcast clouds,2022-01-23 20:23:58
485,Beringovskiy,RU,63.05,179.3167,-19.43,97,78,4.63,broken clouds,2022-01-23 20:23:58
486,Artyom,AZ,40.4723,50.333,44.74,84,0,18.86,clear sky,2022-01-23 20:23:59
487,Quesnel,CA,52.9999,-122.5029,28.9,86,0,0.0,clear sky,2022-01-23 20:23:59
488,Thinadhoo,MV,0.5333,72.9333,81.75,69,21,14.2,few clouds,2022-01-23 20:23:59
489,Kavaratti,IN,10.5669,72.642,79.81,63,9,12.62,clear sky,2022-01-23 20:24:00
490,Vieques,PR,18.425,-65.8329,83.84,57,20,13.8,few clouds,2022-01-23 20:24:00
491,Muros,ES,42.7762,-9.0603,50.85,89,0,3.83,clear sky,2022-01-23 20:24:00
492,Port Shepstone,ZA,-30.7414,30.455,72.68,77,1,16.53,clear sky,2022-01-23 20:24:01
493,Coyhaique,CL,-45.5752,-72.0662,58.95,55,75,9.22,broken clouds,2022-01-23 20:24:01
494,Mormugao,IN,15.4,73.8,71.31,66,100,8.28,overcast clouds,2022-01-23 20:24:01
495,Altagracia de Orituco,VE,9.8601,-66.3814,87.51,35,10,8.14,clear sky,2022-01-23 20:24:02
496,Acapulco de Juárez,MX,16.8634,-99.8901,87.62,45,0,5.75,clear sky,2022-01-23 20:24:02
497,Nome,US,64.5011,-165.4064,1.47,85,0,0.0,clear sky,2022-01-23 20:24:03
498,Grand Baie,MU,-20.0182,57.5802,81.07,84,90,1.99,overcast clouds,2022-01-23 20:24:03
499,Rehoboth,NA,-23.3167,17.0833,78.33,24,60,11.1,broken clouds,2022-01-23 20:24:03
500,Zhuhai,CN,22.2769,113.5678,68.7,94,40,0.0,light rain,2022-01-23 20:23:29
501,Alyangula,AU,-13.8483,136.4192,76.87,100,100,3.44,overcast clouds,2022-01-23 20:24:04
502,Lamesa,US,32.7376,-101.951,55.08,41,2,4.65,clear sky,2022-01-23 20:24:04
503,Ternate,ID,0.8,127.4,79.97,83,99,6.96,overcast clouds,2022-01-23 20:24:04
504,Bianzhuang,CN,34.8486,118.0447,29.16,65,97,6.13,overcast clouds,2022-01-23 20:24:05
505,Lamu,KE,-2.2717,40.902,80.82,81,5,14.58,clear sky,2022-01-23 20:24:05
506,Suriāpet,IN,17.15,79.6167,73.76,50,100,3.51,overcast clouds,2022-01-23 20:24:05
507,Dunedin,NZ,-45.8742,170.5036,53.8,78,100,1.99,overcast clouds,2022-01-23 20:24:06
508,Ballina,AU,-28.8667,153.5667,67.96,91,100,8.05,overcast clouds,2022-01-23 20:25:06
509,Uíge,AO,-7.6087,15.0613,68.27,80,67,0.63,broken clouds,2022-01-23 20:25:06
510,Grimshaw,CA,56.1834,-117.6027,35.22,93,100,19.57,light rain,2022-01-23 20:25:07
511,Umm Hājar,TD,13.2954,19.6966,74.28,14,6,9.98,clear sky,2022-01-23 20:25:07
512,Imeni Poliny Osipenko,RU,52.4201,136.4853,-23.94,100,100,2.71,overcast clouds,2022-01-23 20:25:07
513,Beloha,MG,-25.1667,45.05,73.87,83,97,19.55,overcast clouds,2022-01-23 20:25:08
514,Ust-Nera,RU,64.5667,143.2,-21.26,99,100,2.68,overcast clouds,2022-01-23 20:25:08
515,Blatec,MK,41.8378,22.5781,21.16,86,95,5.19,light snow,2022-01-23 20:25:08
516,Sacramento,US,38.4666,-121.3177,69.51,65,0,1.01,haze,2022-01-23 20:22:46
517,Dinghaicun,CN,26.2847,119.7936,54.52,92,100,14.74,overcast clouds,2022-01-23 20:25:09
518,Longkou,CN,37.6508,120.3286,30.38,67,77,14.94,broken clouds,2022-01-23 20:25:09
519,Kirakira,SB,-10.4544,161.9205,81.25,84,68,5.55,broken clouds,2022-01-23 20:25:10
520,Oleśnica,PL,51.2134,17.3899,33.51,96,100,3.47,overcast clouds,2022-01-23 20:25:10
521,Uruçuí,BR,-7.2294,-44.5561,80.17,75,92,4.83,overcast clouds,2022-01-23 20:25:10
522,Middletown,US,39.5151,-84.3983,37.53,83,100,16.11,overcast clouds,2022-01-23 20:25:11
523,Três Lagoas,BR,-20.7511,-51.6783,87.75,51,83,7.58,broken clouds,2022-01-23 20:25:11
524,Seddon,AU,-37.8068,144.8916,72.21,81,0,0.0,clear sky,2022-01-23 20:25:11
525,Gibara,CU,21.1097,-76.1317,87.12,61,7,9.89,clear sky,2022-01-23 20:25:12
526,Mitú,CO,1.1983,-70.1733,82.85,79,78,2.13,broken clouds,2022-01-23 20:25:12
527,Say,NE,13.1007,2.3689,75.76,12,0,10.16,clear sky,2022-01-23 20:25:12
528,Naberera,TZ,-4.2,36.9333,67.15,68,100,8.34,overcast clouds,2022-01-23 20:25:13
529,Lüshunkou,CN,38.8,121.2667,19.62,63,100,16.13,overcast clouds,2022-01-23 20:25:13
530,Poronaysk,RU,49.2167,143.1167,-2.67,90,87,5.46,overcast clouds,2022-01-23 20:25:14
531,Majene,ID,-3.5403,118.9707,76.66,79,59,3.8,broken clouds,2022-01-23 20:25:14
532,Nacogdoches,US,31.6002,-94.6335,62.78,31,0,3.44,clear sky,2022-01-23 20:25:15
533,Anuradhapura,LK,8.3565,80.4173,68.95,86,100,4.97,overcast clouds,2022-01-23 20:25:15
534,Chumikan,RU,54.7183,135.315,-2.47,87,100,21.56,overcast clouds,2022-01-23 20:25:15
535,Walvis Bay,NA,-22.9575,14.5053,85.15,51,35,5.75,scattered clouds,2022-01-23 20:25:16
536,Meulaboh,ID,4.1363,96.1285,75.51,90,100,3.49,overcast clouds,2022-01-23 20:25:16
537,Tautira,PF,-17.7333,-149.15,84.22,80,62,16.91,broken clouds,2022-01-23 20:25:16
538,Olean,US,42.0776,-78.4297,27.28,79,100,3.44,light snow,2022-01-23 20:20:23
539,Levice,SK,48.2156,18.6071,31.82,86,9,5.39,clear sky,2022-01-23 20:25:17
540,Arman',RU,59.7,150.1667,-9.94,84,22,8.21,few clouds,2022-01-23 20:25:17
541,Nova Viçosa,BR,-17.8919,-39.3719,80.65,65,51,8.1,broken clouds,2022-01-23 20:25:17
542,Maniitsoq,GL,65.4167,-52.9,19.04,79,100,16.4,overcast clouds,2022-01-23 20:25:18
543,Wahiawā,US,21.5028,-158.0236,75.52,68,100,6.91,overcast clouds,2022-01-23 20:24:41
544,Quryq,KZ,43.2,51.65,37.02,61,9,27.38,clear sky,2022-01-23 20:25:18
545,Klyuchi,RU,52.2667,79.1667,-9.9,100,74,3.4,broken clouds,2022-01-23 20:25:18
546,Praia da Vitória,PT,38.7333,-27.0667,62.85,72,20,7.18,few clouds,2022-01-23 20:25:19
547,Dobryanka,RU,58.4619,56.4165,13.86,95,100,4.74,light snow,2022-01-23 20:25:19
548,Henties Bay,NA,-22.116,14.2845,73.76,81,25,6.69,scattered clouds,2022-01-23 20:25:19
549,Alofi,NU,-19.0595,-169.9187,82.29,78,20,8.05,few clouds,2022-01-23 20:25:20
550,Pacific Grove,US,36.6177,-121.9166,68.63,48,0,1.99,clear sky,2022-01-23 20:25:20
551,Parrita,CR,9.5201,-84.3225,91.17,62,41,6.42,scattered clouds,2022-01-23 20:25:20
552,Smithers,CA,54.7804,-127.1743,35.92,80,75,4.61,broken clouds,2022-01-23 20:25:21
553,Galesong,ID,-5.3166,119.3661,75.22,82,98,8.05,overcast clouds,2022-01-23 20:25:21
554,Rozivka,UA,46.9385,35.7724,26.56,93,100,15.86,light snow,2022-01-23 20:25:21
555,Kingman,US,35.1894,-114.053,57.02,30,0,10.36,clear sky,2022-01-23 20:26:22
556,Coffs Harbour,AU,-30.3,153.1333,68.13,93,100,8.05,overcast clouds,2022-01-23 20:26:22
557,Sulphur Springs,US,33.1385,-95.6011,64.35,25,0,9.22,clear sky,2022-01-23 20:26:22
558,Bacolod City,PH,10.6667,122.95,76.55,91,71,10.02,broken clouds,2022-01-23 20:26:23
559,Siniscola,IT,40.5719,9.6922,38.75,82,0,3.98,clear sky,2022-01-23 20:26:23
560,Saint-Pierre,RE,-21.3393,55.4781,80.28,83,40,16.11,scattered clouds,2022-01-23 20:26:24
561,Buraidah,SA,26.326,43.975,59.45,48,4,9.78,clear sky,2022-01-23 20:26:24
562,Megion,RU,61.0296,76.1136,1.42,99,96,2.33,overcast clouds,2022-01-23 20:26:24
563,Kunnamangalam,IN,11.3046,75.8777,75.83,87,2,4.5,clear sky,2022-01-23 20:26:24
564,Kumul,CN,42.8,93.45,23.13,60,0,6.22,clear sky,2022-01-23 20:26:25
565,Pervomayskoye,RU,43.919,46.7102,34.88,88,19,5.32,few clouds,2022-01-23 20:26:25
566,Jiangyan,CN,32.5061,120.1428,39.27,85,100,10.8,light rain,2022-01-23 20:26:25
567,Taoudenni,ML,22.6783,-3.9836,69.13,16,61,11.27,broken clouds,2022-01-23 20:26:26
568,Goma,CD,-1.6792,29.2228,64.11,86,98,2.44,overcast clouds,2022-01-23 20:26:26
569,Safi,MA,32.2994,-9.2372,61.43,93,97,9.31,overcast clouds,2022-01-23 20:26:26
570,Cockburn Town,TC,21.4612,-71.1419,78.28,75,0,10.47,clear sky,2022-01-23 20:26:27
571,Samarinda,ID,-0.5,117.15,72.84,99,97,1.01,overcast clouds,2022-01-23 20:26:27
572,Dubti,ET,11.7361,41.0853,80.04,49,47,10.94,scattered clouds,2022-01-23 20:26:28
573,San Felipe,VE,10.3399,-68.7425,82.92,53,89,6.76,overcast clouds,2022-01-23 20:26:28
574,Cabinda,AO,-5.55,12.2,77.05,86,4,7.81,clear sky,2022-01-23 20:26:28
575,San Quintín,MX,30.4833,-115.95,65.3,39,0,7.81,clear sky,2022-01-23 20:26:29
576,Algarrobo,CO,10.1869,-74.5753,92.95,32,73,10.83,broken clouds,2022-01-23 20:26:29
577,Jakar,BT,27.5492,90.7525,24.37,90,60,4.38,broken clouds,2022-01-23 20:26:29
578,Callaway,US,30.153,-85.5699,53.65,53,0,3.0,clear sky,2022-01-23 20:26:05
579,Grindavik,IS,63.8424,-22.4338,30.67,86,75,17.27,light shower snow,2022-01-23 20:26:30
580,Harlingen,US,26.1906,-97.6961,55.94,97,100,9.22,mist,2022-01-23 20:22:12
581,Tulun,RU,54.5611,100.5792,6.24,97,100,2.82,overcast clouds,2022-01-23 20:26:30
582,Ghosī,IN,26.1083,83.5436,56.12,95,13,6.69,few clouds,2022-01-23 20:26:30
583,Indramayu,ID,-6.3264,108.32,79.77,86,100,9.08,overcast clouds,2022-01-23 20:26:31
584,Muyezerskiy,RU,63.9333,31.65,28.29,97,100,14.41,overcast clouds,2022-01-23 20:26:31
585,Kabinda,CD,-6.1333,24.4833,67.89,84,100,2.86,overcast clouds,2022-01-23 20:26:31
586,Zhongshu,CN,24.5167,103.7667,42.1,89,0,3.65,clear sky,2022-01-23 20:26:32
587,Kiama,AU,-34.6833,150.8667,68.38,92,98,4.27,overcast clouds,2022-01-23 20:26:32
588,Niamey,NE,13.5137,2.1098,75.49,12,0,6.91,clear sky,2022-01-23 20:26:32
589,Kingaroy,AU,-26.5333,151.8333,60.84,100,99,0.0,overcast clouds,2022-01-23 20:26:33
590,Camopi,GF,3.1655,-52.3158,78.64,91,66,3.74,broken clouds,2022-01-23 20:26:33
591,Saint-Leu,RE,-21.15,55.2833,79.66,82,18,8.59,few clouds,2022-01-23 20:26:33
592,Kovdor,RU,67.5662,30.4758,35.19,96,100,15.93,overcast clouds,2022-01-23 20:26:34
593,Iracoubo,GF,5.4802,-53.2011,78.37,84,21,9.78,few clouds,2022-01-23 20:26:34
594,Christchurch,NZ,-43.5333,172.6333,57.94,91,100,1.99,mist,2022-01-23 20:21:59
595,Isla Vista,US,34.4133,-119.861,76.78,35,0,5.75,clear sky,2022-01-23 20:26:35
596,Coxim,BR,-18.5067,-54.76,93.88,48,100,3.94,overcast clouds,2022-01-23 20:26:35
597,Mindelo,CV,16.8901,-24.9804,72.95,73,75,25.32,broken clouds,2022-01-23 20:26:35
598,Port Hawkesbury,CA,45.6169,-61.3485,30.9,67,20,1.99,few clouds,2022-01-23 20:26:36
599,Gao,ML,16.6362,1.637,68.04,14,29,11.86,scattered clouds,2022-01-23 20:22:20
600,Querecotillo,PE,-4.8378,-80.6456,93.78,34,64,13.71,broken clouds,2022-01-23 20:26:36
601,Rahden,DE,52.4333,8.6167,43.05,86,100,3.44,overcast clouds,2022-01-23 20:26:36
602,Germersheim,DE,49.2231,8.3639,42.62,76,25,1.01,scattered clouds,2022-01-23 20:27:37
603,Toyooka,JP,35.5333,134.8333,41.38,91,100,9.8,overcast clouds,2022-01-23 20:27:37
604,Jódar,ES,37.8406,-3.3526,45.99,68,4,6.76,clear sky,2022-01-23 20:27:37
605,Banda Aceh,ID,5.5577,95.3222,76.6,86,95,4.94,overcast clouds,2022-01-23 20:27:38
606,Gawler,AU,-34.6,138.7333,75.47,76,99,7.45,light rain,2022-01-23 20:27:38
607,Vagay,RU,57.9375,69.0217,-1.95,96,56,3.87,broken clouds,2022-01-23 20:27:38
608,Plettenberg Bay,ZA,-34.0527,23.3716,77.43,39,0,2.66,clear sky,2022-01-23 20:27:39
609,Roebourne,AU,-20.7833,117.1333,82.56,72,98,12.75,light rain,2022-01-23 20:27:39
610,Abnūb,EG,27.2696,31.1511,52.34,50,5,7.14,clear sky,2022-01-23 20:27:39
611,Abu Samrah,SY,35.3029,37.1841,40.55,68,31,7.16,scattered clouds,2022-01-23 20:27:40
612,Tigil',RU,57.8,158.6667,-2.45,99,100,3.53,overcast clouds,2022-01-23 20:27:40
613,Havre-St-Pierre,CA,50.2334,-63.5986,19.4,67,75,5.75,broken clouds,2022-01-23 20:27:40
614,Mehamn,NO,71.0357,27.8492,41.18,75,0,34.52,clear sky,2022-01-23 20:27:41
615,Mitsamiouli,KM,-11.3847,43.2844,80.64,81,100,22.03,moderate rain,2022-01-23 20:27:41
616,Paamiut,GL,61.994,-49.6678,22.1,74,100,13.38,overcast clouds,2022-01-23 20:27:41
617,Asău,RO,46.4333,26.4,22.95,89,96,8.72,overcast clouds,2022-01-23 20:27:42
618,Sarankhola,BD,22.3082,89.7897,66.88,77,100,5.37,overcast clouds,2022-01-23 20:27:42
619,Malinyi,TZ,-8.9333,36.1333,72.27,95,100,2.21,light rain,2022-01-23 20:27:42
620,Duekoué,CI,6.7472,-7.3496,75.33,24,3,2.55,clear sky,2022-01-23 20:27:43
621,Apex,US,35.7327,-78.8503,48.45,53,20,1.99,few clouds,2022-01-23 20:24:11
622,Langsa,ID,4.4683,97.9683,73.29,95,78,1.23,broken clouds,2022-01-23 20:27:43
623,Ratnagiri,IN,16.9833,73.3,69.69,72,99,8.1,overcast clouds,2022-01-23 20:27:43
624,Long,TH,18.0761,99.8326,68.18,56,2,2.15,clear sky,2022-01-23 20:27:44
625,Palana,RU,59.1167,159.9667,-11.81,95,74,5.03,broken clouds,2022-01-23 20:27:44
626,Wau,SS,7.7029,27.9953,78.01,24,30,5.03,scattered clouds,2022-01-23 20:27:44
627,Makakilo City,US,21.3469,-158.0858,77.32,64,100,6.91,overcast clouds,2022-01-23 20:24:30
628,Otjimbingwe,NA,-22.35,16.1333,84.13,30,99,11.65,overcast clouds,2022-01-23 20:27:45
629,Balyqshy,KZ,47.0667,51.8667,17.6,86,0,22.37,clear sky,2022-01-23 20:27:45
630,Marsh Harbour,BS,26.5412,-77.0636,71.8,73,86,6.38,overcast clouds,2022-01-23 20:27:46
631,Yulara,AU,-25.2406,130.9889,73.24,60,0,8.05,clear sky,2022-01-23 20:27:46
632,Dodge City,US,37.7528,-100.0171,59.25,38,0,8.01,clear sky,2022-01-23 20:27:46
633,Foça,TR,38.6703,26.7566,39.06,44,86,14.34,overcast clouds,2022-01-23 20:27:47
634,La Ronge,CA,55.1001,-105.2842,1.65,71,75,6.91,broken clouds,2022-01-23 20:27:47
635,Mafinga,TZ,-7.25,35.0667,66.38,87,100,1.63,overcast clouds,2022-01-23 20:27:47
636,Forbes,AU,-33.3833,148.0167,68.92,69,100,5.32,overcast clouds,2022-01-23 20:27:48
637,Manokwari,ID,-0.8667,134.0833,78.98,80,100,5.06,overcast clouds,2022-01-23 20:27:48
638,Alugan,PH,12.2188,125.4808,77.68,89,100,8.95,heavy intensity rain,2022-01-23 20:27:48
639,Ambrolauri,GE,42.5211,43.1622,43.5,88,100,5.19,overcast clouds,2022-01-23 20:27:48
640,Peniche,PT,39.3558,-9.3811,55.62,76,12,10.6,few clouds,2022-01-23 20:27:49
641,Voyvozh,RU,62.892,54.9635,13.5,95,100,6.11,overcast clouds,2022-01-23 20:27:49
642,Muş Province,TR,39.0,41.75,15.93,96,100,6.91,light snow,2022-01-23 20:27:50
643,Sheltozero,RU,61.3667,35.3667,16.32,92,100,12.71,light snow,2022-01-23 20:27:50
644,Benguela,AO,-12.5763,13.4055,76.86,77,53,1.52,broken clouds,2022-01-23 20:27:50
645,Mayumba,GA,-3.432,10.6554,76.77,89,38,8.3,scattered clouds,2022-01-23 20:27:51
646,Sint-Niklaas,BE,51.1651,4.1437,42.85,81,5,1.99,clear sky,2022-01-23 20:27:51
647,Vermilion,US,40.1667,-87.7506,28.99,64,100,10.0,overcast clouds,2022-01-23 20:28:51
648,Port Macquarie,AU,-31.4333,152.9167,68.9,84,91,7.47,overcast clouds,2022-01-23 20:28:52
649,Yinchuan,CN,38.4681,106.2731,28.06,67,4,3.47,clear sky,2022-01-23 20:28:52
650,Vary,UA,48.1221,22.7128,18.09,85,5,7.74,clear sky,2022-01-23 20:28:52
651,Aquiraz,BR,-3.9014,-38.3911,84.29,66,0,10.16,clear sky,2022-01-23 20:28:53
652,Chimoio,MZ,-19.1164,33.4833,69.66,94,75,10.31,broken clouds,2022-01-23 20:28:53
653,Biak,ID,-0.9131,122.8766,76.6,83,88,3.58,overcast clouds,2022-01-23 20:28:54
654,Labuhan,ID,-6.8844,112.2051,77.41,88,83,10.42,broken clouds,2022-01-23 20:28:54
655,La Rioja,ES,42.25,-2.5,35.04,75,0,5.73,clear sky,2022-01-23 20:28:54
656,São José do Belmonte,BR,-7.8614,-38.7597,88.77,36,99,8.23,overcast clouds,2022-01-23 20:28:55
657,Goiatuba,BR,-18.0125,-49.3547,81.01,67,81,4.18,broken clouds,2022-01-23 20:28:55
658,Finnsnes,NO,69.2296,17.9811,43.41,96,100,35.81,light rain,2022-01-23 20:28:55
659,Masallātah,LY,32.6167,14.0,50.07,78,100,4.45,overcast clouds,2022-01-23 20:28:56
660,Camabatela,AO,-8.1881,15.375,64.54,76,34,0.29,scattered clouds,2022-01-23 20:28:56
661,Mana,GF,5.6592,-53.7767,78.42,84,35,9.17,scattered clouds,2022-01-23 20:28:56
662,Beidao,CN,34.5686,105.8933,30.2,89,88,1.61,overcast clouds,2022-01-23 20:28:57
663,Ovalle,CL,-30.5983,-71.2003,85.64,30,0,10.42,clear sky,2022-01-23 20:28:57
664,Nexø,DK,55.0607,15.1306,41.09,87,100,9.4,overcast clouds,2022-01-23 20:28:57
665,Cap-Chat,CA,49.1001,-66.6821,19.4,58,100,11.5,overcast clouds,2022-01-23 20:24:31
666,Kundiawa,PG,-6.0167,144.9667,61.23,97,100,3.22,overcast clouds,2022-01-23 20:28:58
667,Ambilobe,MG,-13.2,49.05,74.19,96,100,9.4,moderate rain,2022-01-23 20:28:58
668,Tolga,DZ,34.7222,5.3785,47.21,46,13,8.66,few clouds,2022-01-23 20:28:58
669,Sire,NG,12.9299,5.2043,71.53,12,0,11.21,clear sky,2022-01-23 20:28:59
670,Yuncheng,CN,35.0231,110.9928,32.43,90,96,2.57,light snow,2022-01-23 20:28:59
671,Kidal,ML,18.4411,1.4078,68.38,13,6,10.11,clear sky,2022-01-23 20:28:59
672,Lieksa,FI,63.3167,30.0167,28.99,97,100,13.56,overcast clouds,2022-01-23 20:28:59
673,Fairbanks,US,64.8378,-147.7164,14.31,84,0,0.0,clear sky,2022-01-23 20:29:00
674,Aguié,NE,13.506,7.7786,66.04,13,7,11.48,clear sky,2022-01-23 20:29:00
675,Jieshi,CN,22.8134,115.8257,65.95,86,92,0.67,overcast clouds,2022-01-23 20:29:00
676,Payo,ID,-3.7508,103.6372,72.48,96,98,2.21,overcast clouds,2022-01-23 20:29:01
677,Thunder Bay,CA,48.4001,-89.3168,8.56,52,75,17.27,broken clouds,2022-01-23 20:27:40
678,Wasilla,US,61.5814,-149.4394,44.15,64,100,8.05,overcast clouds,2022-01-23 20:29:01
679,Ţahţā,EG,26.7693,31.5021,52.79,47,1,6.24,clear sky,2022-01-23 20:29:02
680,Juneau,US,58.3019,-134.4197,40.84,96,100,3.44,overcast clouds,2022-01-23 20:29:02
681,Lev Tolstoy,RU,53.2134,39.446,7.54,100,98,8.12,overcast clouds,2022-01-23 20:29:02
682,Dandong,CN,40.1292,124.3947,18.28,62,72,7.14,broken clouds,2022-01-23 20:29:03
683,Krosno Odrzańskie,PL,52.0549,15.0988,40.82,99,100,2.86,overcast clouds,2022-01-23 20:29:03
684,Nishihara,JP,26.1842,127.7558,70.88,94,100,13.8,overcast clouds,2022-01-23 20:29:03
685,Mīnāb,IR,27.1467,57.0801,50.32,76,0,0.0,clear sky,2022-01-23 20:29:03
686,Neyshabur,IR,36.2133,58.7958,34.02,32,0,0.65,clear sky,2022-01-23 20:29:04
687,Kiryat Gat,IL,31.61,34.7642,51.4,100,100,4.83,overcast clouds,2022-01-23 20:29:04
688,Dhībān,SY,35.0365,40.5167,49.23,56,80,3.06,broken clouds,2022-01-23 20:29:05
689,Poim,RU,53.0264,43.1872,22.55,94,100,10.45,snow,2022-01-23 20:29:05
690,Nísia Floresta,BR,-6.0911,-35.2086,85.01,62,62,10.13,broken clouds,2022-01-23 20:29:05
691,Barroso,BR,-21.1869,-43.9758,80.78,80,11,6.51,few clouds,2022-01-23 20:30:06
692,Chapais,CA,49.7834,-74.8492,-7.82,90,100,6.87,overcast clouds,2022-01-23 20:30:06
693,Yanam,IN,16.7333,82.2167,70.18,95,15,1.61,few clouds,2022-01-23 20:30:07
694,Barranca,PE,-10.75,-77.7667,74.48,76,54,10.27,broken clouds,2022-01-23 20:30:08
695,Uchiza,PE,-8.4592,-76.4633,81.34,82,48,1.72,scattered clouds,2022-01-23 20:30:08
696,Jacmel,HT,18.2342,-72.5347,84.04,56,0,6.44,clear sky,2022-01-23 20:30:09
697,Suleja,NG,9.1758,7.1808,81.19,19,2,5.1,clear sky,2022-01-23 20:30:09
698,Kankakee,US,41.15,-87.8667,23.16,77,100,12.66,overcast clouds,2022-01-23 20:30:09
699,Methóni,GR,36.8197,21.7049,39.22,54,54,4.83,broken clouds,2022-01-23 20:30:10
700,Kondinskoye,RU,59.6481,67.41,-4.85,100,82,4.34,broken clouds,2022-01-23 20:30:10
701,Acaraú,BR,-2.8856,-40.12,81.36,68,37,16.67,scattered clouds,2022-01-23 20:30:10
702,Gboko,NG,7.3179,8.9951,81.5,14,6,6.26,clear sky,2022-01-23 20:30:11
703,Gamba,GA,-2.65,10.0,76.26,89,5,4.59,clear sky,2022-01-23 20:30:11
704,Omsukchan,RU,62.5333,155.8,-27.53,98,100,4.83,overcast clouds,2022-01-23 20:30:12
705,Cayenne,GF,4.9333,-52.3333,78.84,87,75,4.61,broken clouds,2022-01-23 20:30:07
706,Micheweni,TZ,-4.9667,39.8333,81.16,75,100,15.73,overcast clouds,2022-01-23 20:30:12
707,Matamba,TZ,-8.9833,33.9667,54.72,95,100,3.33,light rain,2022-01-23 20:30:13
708,Mungwi,ZM,-10.1732,31.3694,61.23,97,93,3.27,overcast clouds,2022-01-23 20:30:13
